data,selic_ao_mes,tr_ao_mes,poupanca_ao_mes
2020-01-01,0.0036748094004368514,0.001721,0.002572366580305796
2020-01-02,0.0036748094004368514,0.001721,0.002572366580305796
2020-01-03,0.0036748094004368514,0.001721,0.002572366580305796
2020-01-04,0.0036748094004368514,0.001721,0.002572366580305796
2020-01-05,0.0036748094004368514,0.001721,0.002572366580305796
2020-01-06,0.0036748094004368514,0.001721,0.002572366580305796
2020-01-07,0.0036748094004368514,0.001721,0.002572366580305796
2020-01-08,0.0036748094004368514,0.001721,0.002572366580305796
2020-01-09,0.0036748094004368514,0.001721,0.002572366580305796
2020-01-10,0.0036748094004368514,0.001721,0.002572366580305796
2020-01-11,0.0036748094004368514,0.001721,0.002572366580305796
2020-01-12,0.0036748094004368514,0.001721,0.002572366580305796
2020-01-13,0.0036748094004368514,0.001721,0.002572366580305796
2020-01-14,0.0036748094004368514,0.001721,0.002572366580305796
2020-01-15,0.0036748094004368514,0.001721,0.002572366580305796
2020-01-16,0.0036748094004368514,0.001721,0.002572366580305796
2020-01-17,0.0036748094004368514,0.001721,0.002572366580305796
2020-01-18,0.0036748094004368514,0.001721,0.002572366580305796
2020-01-19,0.0036748094004368514,0.001721,0.002572366580305796
2020-01-20,0.0036748094004368514,0.001721,0.002572366580305796
2020-01-21,0.0036748094004368514,0.001721,0.002572366580305796
2020-01-22,0.0036748094004368514,0.001721,0.002572366580305796
2020-01-23,0.0036748094004368514,0.001721,0.002572366580305796
2020-01-24,0.0036748094004368514,0.001721,0.002572366580305796
2020-01-25,0.0036748094004368514,0.001721,0.002572366580305796
2020-01-26,0.0036748094004368514,0.001721,0.002572366580305796
2020-01-27,0.0036748094004368514,0.001721,0.002572366580305796
2020-01-28,0.0036748094004368514,0.001721,0.002572366580305796
2020-01-29,0.0036748094004368514,0.001721,0.002572366580305796
2020-01-30,0.0036748094004368514,0.001721,0.002572366580305796
2020-01-31,0.0036748094004368514,0.001721,0.002572366580305796
2020-02-01,0.0036748094004368514,0.001721,0.002572366580305796
2020-02-02,0.0036748094004368514,0.001721,0.002572366580305796
2020-02-03,0.0036748094004368514,0.001721,0.002572366580305796
2020-02-04,0.0036748094004368514,0.001721,0.002572366580305796
2020-02-05,0.0036748094004368514,0.001721,0.002572366580305796
2020-02-06,0.003474495003497502,0.001721,0.002432146502448251
2020-02-07,0.003474495003497502,0.001721,0.002432146502448251
2020-02-08,0.003474495003497502,0.001721,0.002432146502448251
2020-02-09,0.003474495003497502,0.001721,0.002432146502448251
2020-02-10,0.003474495003497502,0.001721,0.002432146502448251
2020-02-11,0.003474495003497502,0.001721,0.002432146502448251
2020-02-12,0.003474495003497502,0.001721,0.002432146502448251
2020-02-13,0.003474495003497502,0.001721,0.002432146502448251
2020-02-14,0.003474495003497502,0.001721,0.002432146502448251
2020-02-15,0.003474495003497502,0.001721,0.002432146502448251
2020-02-16,0.003474495003497502,0.001721,0.002432146502448251
2020-02-17,0.003474495003497502,0.001721,0.002432146502448251
2020-02-18,0.003474495003497502,0.001721,0.002432146502448251
2020-02-19,0.003474495003497502,0.001721,0.002432146502448251
2020-02-20,0.003474495003497502,0.001721,0.002432146502448251
2020-02-21,0.003474495003497502,0.001721,0.002432146502448251
2020-02-22,0.003474495003497502,0.001721,0.002432146502448251
2020-02-23,0.003474495003497502,0.001721,0.002432146502448251
2020-02-24,0.003474495003497502,0.001721,0.002432146502448251
2020-02-25,0.003474495003497502,0.001721,0.002432146502448251
2020-02-26,0.003474495003497502,0.001721,0.002432146502448251
2020-02-27,0.003474495003497502,0.001721,0.002432146502448251
2020-02-28,0.003474495003497502,0.001721,0.002432146502448251
2020-02-29,0.003474495003497502,0.001721,0.002432146502448251
2020-03-01,0.003474495003497502,0.001721,0.002432146502448251
2020-03-02,0.003474495003497502,0.001721,0.002432146502448251
2020-03-03,0.003474495003497502,0.001721,0.002432146502448251
2020-03-04,0.003474495003497502,0.001721,0.002432146502448251
2020-03-05,0.003474495003497502,0.001721,0.002432146502448251
2020-03-06,0.003474495003497502,0.001721,0.002432146502448251
2020-03-07,0.003474495003497502,0.001721,0.002432146502448251
2020-03-08,0.003474495003497502,0.001721,0.002432146502448251
2020-03-09,0.003474495003497502,0.001721,0.002432146502448251
2020-03-10,0.003474495003497502,0.001721,0.002432146502448251
2020-03-11,0.003474495003497502,0.001721,0.002432146502448251
2020-03-12,0.003474495003497502,0.001721,0.002432146502448251
2020-03-13,0.003474495003497502,0.001721,0.002432146502448251
2020-03-14,0.003474495003497502,0.001721,0.002432146502448251
2020-03-15,0.003474495003497502,0.001721,0.002432146502448251
2020-03-16,0.003474495003497502,0.001721,0.002432146502448251
2020-03-17,0.003474495003497502,0.001721,0.002432146502448251
2020-03-18,0.003474495003497502,0.001721,0.002432146502448251
2020-03-19,0.003072541703255549,0.001721,0.002150779192278884
2020-03-20,0.003072541703255549,0.001721,0.002150779192278884
2020-03-21,0.003072541703255549,0.001721,0.002150779192278884
2020-03-22,0.003072541703255549,0.001721,0.002150779192278884
2020-03-23,0.003072541703255549,0.001721,0.002150779192278884
2020-03-24,0.003072541703255549,0.001721,0.002150779192278884
2020-03-25,0.003072541703255549,0.001721,0.002150779192278884
2020-03-26,0.003072541703255549,0.001721,0.002150779192278884
2020-03-27,0.003072541703255549,0.001721,0.002150779192278884
2020-03-28,0.003072541703255549,0.001721,0.002150779192278884
2020-03-29,0.003072541703255549,0.001721,0.002150779192278884
2020-03-30,0.003072541703255549,0.001721,0.002150779192278884
2020-03-31,0.003072541703255549,0.001721,0.002150779192278884
2020-04-01,0.003072541703255549,0.001721,0.002150779192278884
2020-04-02,0.003072541703255549,0.001721,0.002150779192278884
2020-04-03,0.003072541703255549,0.001721,0.002150779192278884
2020-04-04,0.003072541703255549,0.001721,0.002150779192278884
2020-04-05,0.003072541703255549,0.001721,0.002150779192278884
2020-04-06,0.003072541703255549,0.001721,0.002150779192278884
2020-04-07,0.003072541703255549,0.001721,0.002150779192278884
2020-04-08,0.003072541703255549,0.001721,0.002150779192278884
2020-04-09,0.003072541703255549,0.001721,0.002150779192278884
2020-04-10,0.003072541703255549,0.001721,0.002150779192278884
2020-04-11,0.003072541703255549,0.001721,0.002150779192278884
2020-04-12,0.003072541703255549,0.001721,0.002150779192278884
2020-04-13,0.003072541703255549,0.001721,0.002150779192278884
2020-04-14,0.003072541703255549,0.001721,0.002150779192278884
2020-04-15,0.003072541703255549,0.001721,0.002150779192278884
2020-04-16,0.003072541703255549,0.001721,0.002150779192278884
2020-04-17,0.003072541703255549,0.001721,0.002150779192278884
2020-04-18,0.003072541703255549,0.001721,0.002150779192278884
2020-04-19,0.003072541703255549,0.001721,0.002150779192278884
2020-04-20,0.003072541703255549,0.001721,0.002150779192278884
2020-04-21,0.003072541703255549,0.001721,0.002150779192278884
2020-04-22,0.003072541703255549,0.001721,0.002150779192278884
2020-04-23,0.003072541703255549,0.001721,0.002150779192278884
2020-04-24,0.003072541703255549,0.001721,0.002150779192278884
2020-04-25,0.003072541703255549,0.001721,0.002150779192278884
2020-04-26,0.003072541703255549,0.001721,0.002150779192278884
2020-04-27,0.003072541703255549,0.001721,0.002150779192278884
2020-04-28,0.003072541703255549,0.001721,0.002150779192278884
2020-04-29,0.003072541703255549,0.001721,0.002150779192278884
2020-04-30,0.003072541703255549,0.001721,0.002150779192278884
2020-05-01,0.003072541703255549,0.001721,0.002150779192278884
2020-05-02,0.003072541703255549,0.001721,0.002150779192278884
2020-05-03,0.003072541703255549,0.001721,0.002150779192278884
2020-05-04,0.003072541703255549,0.001721,0.002150779192278884
2020-05-05,0.003072541703255549,0.001721,0.002150779192278884
2020-05-06,0.003072541703255549,0.001721,0.002150779192278884
2020-05-07,0.0024662697723036864,0.001721,0.0017263888406125803
2020-05-08,0.0024662697723036864,0.001721,0.0017263888406125803
2020-05-09,0.0024662697723036864,0.001721,0.0017263888406125803
2020-05-10,0.0024662697723036864,0.001721,0.0017263888406125803
2020-05-11,0.0024662697723036864,0.001721,0.0017263888406125803
2020-05-12,0.0024662697723036864,0.001721,0.0017263888406125803
2020-05-13,0.0024662697723036864,0.001721,0.0017263888406125803
2020-05-14,0.0024662697723036864,0.001721,0.0017263888406125803
2020-05-15,0.0024662697723036864,0.001721,0.0017263888406125803
2020-05-16,0.0024662697723036864,0.001721,0.0017263888406125803
2020-05-17,0.0024662697723036864,0.001721,0.0017263888406125803
2020-05-18,0.0024662697723036864,0.001721,0.0017263888406125803
2020-05-19,0.0024662697723036864,0.001721,0.0017263888406125803
2020-05-20,0.0024662697723036864,0.001721,0.0017263888406125803
2020-05-21,0.0024662697723036864,0.001721,0.0017263888406125803
2020-05-22,0.0024662697723036864,0.001721,0.0017263888406125803
2020-05-23,0.0024662697723036864,0.001721,0.0017263888406125803
2020-05-24,0.0024662697723036864,0.001721,0.0017263888406125803
2020-05-25,0.0024662697723036864,0.001721,0.0017263888406125803
2020-05-26,0.0024662697723036864,0.001721,0.0017263888406125803
2020-05-27,0.0024662697723036864,0.001721,0.0017263888406125803
2020-05-28,0.0024662697723036864,0.001721,0.0017263888406125803
2020-05-29,0.0024662697723036864,0.001721,0.0017263888406125803
2020-05-30,0.0024662697723036864,0.001721,0.0017263888406125803
2020-05-31,0.0024662697723036864,0.001721,0.0017263888406125803
2020-06-01,0.0024662697723036864,0.001721,0.0017263888406125803
2020-06-02,0.0024662697723036864,0.001721,0.0017263888406125803
2020-06-03,0.0024662697723036864,0.001721,0.0017263888406125803
2020-06-04,0.0024662697723036864,0.001721,0.0017263888406125803
2020-06-05,0.0024662697723036864,0.001721,0.0017263888406125803
2020-06-06,0.0024662697723036864,0.001721,0.0017263888406125803
2020-06-07,0.0024662697723036864,0.001721,0.0017263888406125803
2020-06-08,0.0024662697723036864,0.001721,0.0017263888406125803
2020-06-09,0.0024662697723036864,0.001721,0.0017263888406125803
2020-06-10,0.0024662697723036864,0.001721,0.0017263888406125803
2020-06-11,0.0024662697723036864,0.001721,0.0017263888406125803
2020-06-12,0.0024662697723036864,0.001721,0.0017263888406125803
2020-06-13,0.0024662697723036864,0.001721,0.0017263888406125803
2020-06-14,0.0024662697723036864,0.001721,0.0017263888406125803
2020-06-15,0.0024662697723036864,0.001721,0.0017263888406125803
2020-06-16,0.0024662697723036864,0.001721,0.0017263888406125803
2020-06-17,0.0024662697723036864,0.001721,0.0017263888406125803
2020-06-18,0.001855937535336194,0.001721,0.0012991562747353357
2020-06-19,0.001855937535336194,0.001721,0.0012991562747353357
2020-06-20,0.001855937535336194,0.001721,0.0012991562747353357
2020-06-21,0.001855937535336194,0.001721,0.0012991562747353357
2020-06-22,0.001855937535336194,0.001721,0.0012991562747353357
2020-06-23,0.001855937535336194,0.001721,0.0012991562747353357
2020-06-24,0.001855937535336194,0.001721,0.0012991562747353357
2020-06-25,0.001855937535336194,0.001721,0.0012991562747353357
2020-06-26,0.001855937535336194,0.001721,0.0012991562747353357
2020-06-27,0.001855937535336194,0.001721,0.0012991562747353357
2020-06-28,0.001855937535336194,0.001721,0.0012991562747353357
2020-06-29,0.001855937535336194,0.001721,0.0012991562747353357
2020-06-30,0.001855937535336194,0.001721,0.0012991562747353357
2020-07-01,0.001855937535336194,0.001721,0.0012991562747353357
2020-07-02,0.001855937535336194,0.001721,0.0012991562747353357
2020-07-03,0.001855937535336194,0.001721,0.0012991562747353357
2020-07-04,0.001855937535336194,0.001721,0.0012991562747353357
2020-07-05,0.001855937535336194,0.001721,0.0012991562747353357
2020-07-06,0.001855937535336194,0.001721,0.0012991562747353357
2020-07-07,0.001855937535336194,0.001721,0.0012991562747353357
2020-07-08,0.001855937535336194,0.001721,0.0012991562747353357
2020-07-09,0.001855937535336194,0.001721,0.0012991562747353357
2020-07-10,0.001855937535336194,0.001721,0.0012991562747353357
2020-07-11,0.001855937535336194,0.001721,0.0012991562747353357
2020-07-12,0.001855937535336194,0.001721,0.0012991562747353357
2020-07-13,0.001855937535336194,0.001721,0.0012991562747353357
2020-07-14,0.001855937535336194,0.001721,0.0012991562747353357
2020-07-15,0.001855937535336194,0.001721,0.0012991562747353357
2020-07-16,0.001855937535336194,0.001721,0.0012991562747353357
2020-07-17,0.001855937535336194,0.001721,0.0012991562747353357
2020-07-18,0.001855937535336194,0.001721,0.0012991562747353357
2020-07-19,0.001855937535336194,0.001721,0.0012991562747353357
2020-07-20,0.001855937535336194,0.001721,0.0012991562747353357
2020-07-21,0.001855937535336194,0.001721,0.0012991562747353357
2020-07-22,0.001855937535336194,0.001721,0.0012991562747353357
2020-07-23,0.001855937535336194,0.001721,0.0012991562747353357
2020-07-24,0.001855937535336194,0.001721,0.0012991562747353357
2020-07-25,0.001855937535336194,0.001721,0.0012991562747353357
2020-07-26,0.001855937535336194,0.001721,0.0012991562747353357
2020-07-27,0.001855937535336194,0.001721,0.0012991562747353357
2020-07-28,0.001855937535336194,0.001721,0.0012991562747353357
2020-07-29,0.001855937535336194,0.001721,0.0012991562747353357
2020-07-30,0.001855937535336194,0.001721,0.0012991562747353357
2020-07-31,0.001855937535336194,0.001721,0.0012991562747353357
2020-08-01,0.001855937535336194,0.001721,0.0012991562747353357
2020-08-02,0.001855937535336194,0.001721,0.0012991562747353357
2020-08-03,0.001855937535336194,0.001721,0.0012991562747353357
2020-08-04,0.001855937535336194,0.001721,0.0012991562747353357
2020-08-05,0.001855937535336194,0.001721,0.0012991562747353357
2020-08-06,0.0016515813019202241,0.001721,0.0011561069113441569
2020-08-07,0.0016515813019202241,0.001721,0.0011561069113441569
2020-08-08,0.0016515813019202241,0.001721,0.0011561069113441569
2020-08-09,0.0016515813019202241,0.001721,0.0011561069113441569
2020-08-10,0.0016515813019202241,0.001721,0.0011561069113441569
2020-08-11,0.0016515813019202241,0.001721,0.0011561069113441569
2020-08-12,0.0016515813019202241,0.001721,0.0011561069113441569
2020-08-13,0.0016515813019202241,0.001721,0.0011561069113441569
2020-08-14,0.0016515813019202241,0.001721,0.0011561069113441569
2020-08-15,0.0016515813019202241,0.001721,0.0011561069113441569
2020-08-16,0.0016515813019202241,0.001721,0.0011561069113441569
2020-08-17,0.0016515813019202241,0.001721,0.0011561069113441569
2020-08-18,0.0016515813019202241,0.001721,0.0011561069113441569
2020-08-19,0.0016515813019202241,0.001721,0.0011561069113441569
2020-08-20,0.0016515813019202241,0.001721,0.0011561069113441569
2020-08-21,0.0016515813019202241,0.001721,0.0011561069113441569
2020-08-22,0.0016515813019202241,0.001721,0.0011561069113441569
2020-08-23,0.0016515813019202241,0.001721,0.0011561069113441569
2020-08-24,0.0016515813019202241,0.001721,0.0011561069113441569
2020-08-25,0.0016515813019202241,0.001721,0.0011561069113441569
2020-08-26,0.0016515813019202241,0.001721,0.0011561069113441569
2020-08-27,0.0016515813019202241,0.001721,0.0011561069113441569
2020-08-28,0.0016515813019202241,0.001721,0.0011561069113441569
2020-08-29,0.0016515813019202241,0.001721,0.0011561069113441569
2020-08-30,0.0016515813019202241,0.001721,0.0011561069113441569
2020-08-31,0.0016515813019202241,0.001721,0.0011561069113441569
2020-09-01,0.0016515813019202241,0.001721,0.0011561069113441569
2020-09-02,0.0016515813019202241,0.001721,0.0011561069113441569
2020-09-03,0.0016515813019202241,0.001721,0.0011561069113441569
2020-09-04,0.0016515813019202241,0.001721,0.0011561069113441569
2020-09-05,0.0016515813019202241,0.001721,0.0011561069113441569
2020-09-06,0.0016515813019202241,0.001721,0.0011561069113441569
2020-09-07,0.0016515813019202241,0.001721,0.0011561069113441569
2020-09-08,0.0016515813019202241,0.001721,0.0011561069113441569
2020-09-09,0.0016515813019202241,0.001721,0.0011561069113441569
2020-09-10,0.0016515813019202241,0.001721,0.0011561069113441569
2020-09-11,0.0016515813019202241,0.001721,0.0011561069113441569
2020-09-12,0.0016515813019202241,0.001721,0.0011561069113441569
2020-09-13,0.0016515813019202241,0.001721,0.0011561069113441569
2020-09-14,0.0016515813019202241,0.001721,0.0011561069113441569
2020-09-15,0.0016515813019202241,0.001721,0.0011561069113441569
2020-09-16,0.0016515813019202241,0.001721,0.0011561069113441569
2020-09-17,0.0016515813019202241,0.001721,0.0011561069113441569
2020-09-18,0.0016515813019202241,0.001721,0.0011561069113441569
2020-09-19,0.0016515813019202241,0.001721,0.0011561069113441569
2020-09-20,0.0016515813019202241,0.001721,0.0011561069113441569
2020-09-21,0.0016515813019202241,0.001721,0.0011561069113441569
2020-09-22,0.0016515813019202241,0.001721,0.0011561069113441569
2020-09-23,0.0016515813019202241,0.001721,0.0011561069113441569
2020-09-24,0.0016515813019202241,0.001721,0.0011561069113441569
2020-09-25,0.0016515813019202241,0.001721,0.0011561069113441569
2020-09-26,0.0016515813019202241,0.001721,0.0011561069113441569
2020-09-27,0.0016515813019202241,0.001721,0.0011561069113441569
2020-09-28,0.0016515813019202241,0.001721,0.0011561069113441569
2020-09-29,0.0016515813019202241,0.001721,0.0011561069113441569
2020-09-30,0.0016515813019202241,0.001721,0.0011561069113441569
2020-10-01,0.0016515813019202241,0.001721,0.0011561069113441569
2020-10-02,0.0016515813019202241,0.001721,0.0011561069113441569
2020-10-03,0.0016515813019202241,0.001721,0.0011561069113441569
2020-10-04,0.0016515813019202241,0.001721,0.0011561069113441569
2020-10-05,0.0016515813019202241,0.001721,0.0011561069113441569
2020-10-06,0.0016515813019202241,0.001721,0.0011561069113441569
2020-10-07,0.0016515813019202241,0.001721,0.0011561069113441569
2020-10-08,0.0016515813019202241,0.001721,0.0011561069113441569
2020-10-09,0.0016515813019202241,0.001721,0.0011561069113441569
2020-10-10,0.0016515813019202241,0.001721,0.0011561069113441569
2020-10-11,0.0016515813019202241,0.001721,0.0011561069113441569
2020-10-12,0.0016515813019202241,0.001721,0.0011561069113441569
2020-10-13,0.0016515813019202241,0.001721,0.0011561069113441569
2020-10-14,0.0016515813019202241,0.001721,0.0011561069113441569
2020-10-15,0.0016515813019202241,0.001721,0.0011561069113441569
2020-10-16,0.0016515813019202241,0.001721,0.0011561069113441569
2020-10-17,0.0016515813019202241,0.001721,0.0011561069113441569
2020-10-18,0.0016515813019202241,0.001721,0.0011561069113441569
2020-10-19,0.0016515813019202241,0.001721,0.0011561069113441569
2020-10-20,0.0016515813019202241,0.001721,0.0011561069113441569
2020-10-21,0.0016515813019202241,0.001721,0.0011561069113441569
2020-10-22,0.0016515813019202241,0.001721,0.0011561069113441569
2020-10-23,0.0016515813019202241,0.001721,0.0011561069113441569
2020-10-24,0.0016515813019202241,0.001721,0.0011561069113441569
2020-10-25,0.0016515813019202241,0.001721,0.0011561069113441569
2020-10-26,0.0016515813019202241,0.001721,0.0011561069113441569
2020-10-27,0.0016515813019202241,0.001721,0.0011561069113441569
2020-10-28,0.0016515813019202241,0.001721,0.0011561069113441569
2020-10-29,0.0016515813019202241,0.001721,0.0011561069113441569
2020-10-30,0.0016515813019202241,0.001721,0.0011561069113441569
2020-10-31,0.0016515813019202241,0.001721,0.0011561069113441569
2020-11-01,0.0016515813019202241,0.001721,0.0011561069113441569
2020-11-02,0.0016515813019202241,0.001721,0.0011561069113441569
2020-11-03,0.0016515813019202241,0.001721,0.0011561069113441569
2020-11-04,0.0016515813019202241,0.001721,0.0011561069113441569
2020-11-05,0.0016515813019202241,0.001721,0.0011561069113441569
2020-11-06,0.0016515813019202241,0.001721,0.0011561069113441569
2020-11-07,0.0016515813019202241,0.001721,0.0011561069113441569
2020-11-08,0.0016515813019202241,0.001721,0.0011561069113441569
2020-11-09,0.0016515813019202241,0.001721,0.0011561069113441569
2020-11-10,0.0016515813019202241,0.001721,0.0011561069113441569
2020-11-11,0.0016515813019202241,0.001721,0.0011561069113441569
2020-11-12,0.0016515813019202241,0.001721,0.0011561069113441569
2020-11-13,0.0016515813019202241,0.001721,0.0011561069113441569
2020-11-14,0.0016515813019202241,0.001721,0.0011561069113441569
2020-11-15,0.0016515813019202241,0.001721,0.0011561069113441569
2020-11-16,0.0016515813019202241,0.001721,0.0011561069113441569
2020-11-17,0.0016515813019202241,0.001721,0.0011561069113441569
2020-11-18,0.0016515813019202241,0.001721,0.0011561069113441569
2020-11-19,0.0016515813019202241,0.001721,0.0011561069113441569
2020-11-20,0.0016515813019202241,0.001721,0.0011561069113441569
2020-11-21,0.0016515813019202241,0.001721,0.0011561069113441569
2020-11-22,0.0016515813019202241,0.001721,0.0011561069113441569
2020-11-23,0.0016515813019202241,0.001721,0.0011561069113441569
2020-11-24,0.0016515813019202241,0.001721,0.0011561069113441569
2020-11-25,0.0016515813019202241,0.001721,0.0011561069113441569
2020-11-26,0.0016515813019202241,0.001721,0.0011561069113441569
2020-11-27,0.0016515813019202241,0.001721,0.0011561069113441569
2020-11-28,0.0016515813019202241,0.001721,0.0011561069113441569
2020-11-29,0.0016515813019202241,0.001721,0.0011561069113441569
2020-11-30,0.0016515813019202241,0.001721,0.0011561069113441569
2020-12-01,0.0016515813019202241,0.001721,0.0011561069113441569
2020-12-02,0.0016515813019202241,0.001721,0.0011561069113441569
2020-12-03,0.0016515813019202241,0.001721,0.0011561069113441569
2020-12-04,0.0016515813019202241,0.001721,0.0011561069113441569
2020-12-05,0.0016515813019202241,0.001721,0.0011561069113441569
2020-12-06,0.0016515813019202241,0.001721,0.0011561069113441569
2020-12-07,0.0016515813019202241,0.001721,0.0011561069113441569
2020-12-08,0.0016515813019202241,0.001721,0.0011561069113441569
2020-12-09,0.0016515813019202241,0.001721,0.0011561069113441569
2020-12-10,0.0016515813019202241,0.001721,0.0011561069113441569
2020-12-11,0.0016515813019202241,0.001721,0.0011561069113441569
2020-12-12,0.0016515813019202241,0.001721,0.0011561069113441569
2020-12-13,0.0016515813019202241,0.001721,0.0011561069113441569
2020-12-14,0.0016515813019202241,0.001721,0.0011561069113441569
2020-12-15,0.0016515813019202241,0.001721,0.0011561069113441569
2020-12-16,0.0016515813019202241,0.001721,0.0011561069113441569
2020-12-17,0.0016515813019202241,0.001721,0.0011561069113441569
2020-12-18,0.0016515813019202241,0.001721,0.0011561069113441569
2020-12-19,0.0016515813019202241,0.001721,0.0011561069113441569
2020-12-20,0.0016515813019202241,0.001721,0.0011561069113441569
2020-12-21,0.0016515813019202241,0.001721,0.0011561069113441569
2020-12-22,0.0016515813019202241,0.001721,0.0011561069113441569
2020-12-23,0.0016515813019202241,0.001721,0.0011561069113441569
2020-12-24,0.0016515813019202241,0.001721,0.0011561069113441569
2020-12-25,0.0016515813019202241,0.001721,0.0011561069113441569
2020-12-26,0.0016515813019202241,0.001721,0.0011561069113441569
2020-12-27,0.0016515813019202241,0.001721,0.0011561069113441569
2020-12-28,0.0016515813019202241,0.001721,0.0011561069113441569
2020-12-29,0.0016515813019202241,0.001721,0.0011561069113441569
2020-12-30,0.0016515813019202241,0.001721,0.0011561069113441569
2020-12-31,0.0016515813019202241,0.001721,0.0011561069113441569
2021-01-01,0.0016515813019202241,0.001721,0.0011561069113441569
2021-01-02,0.0016515813019202241,0.001721,0.0011561069113441569
2021-01-03,0.0016515813019202241,0.001721,0.0011561069113441569
2021-01-04,0.0016515813019202241,0.001721,0.0011561069113441569
2021-01-05,0.0016515813019202241,0.001721,0.0011561069113441569
2021-01-06,0.0016515813019202241,0.001721,0.0011561069113441569
2021-01-07,0.0016515813019202241,0.001721,0.0011561069113441569
2021-01-08,0.0016515813019202241,0.001721,0.0011561069113441569
2021-01-09,0.0016515813019202241,0.001721,0.0011561069113441569
2021-01-10,0.0016515813019202241,0.001721,0.0011561069113441569
2021-01-11,0.0016515813019202241,0.001721,0.0011561069113441569
2021-01-12,0.0016515813019202241,0.001721,0.0011561069113441569
2021-01-13,0.0016515813019202241,0.001721,0.0011561069113441569
2021-01-14,0.0016515813019202241,0.001721,0.0011561069113441569
2021-01-15,0.0016515813019202241,0.001721,0.0011561069113441569
2021-01-16,0.0016515813019202241,0.001721,0.0011561069113441569
2021-01-17,0.0016515813019202241,0.001721,0.0011561069113441569
2021-01-18,0.0016515813019202241,0.001721,0.0011561069113441569
2021-01-19,0.0016515813019202241,0.001721,0.0011561069113441569
2021-01-20,0.0016515813019202241,0.001721,0.0011561069113441569
2021-01-21,0.0016515813019202241,0.001721,0.0011561069113441569
2021-01-22,0.0016515813019202241,0.001721,0.0011561069113441569
2021-01-23,0.0016515813019202241,0.001721,0.0011561069113441569
2021-01-24,0.0016515813019202241,0.001721,0.0011561069113441569
2021-01-25,0.0016515813019202241,0.001721,0.0011561069113441569
2021-01-26,0.0016515813019202241,0.001721,0.0011561069113441569
2021-01-27,0.0016515813019202241,0.001721,0.0011561069113441569
2021-01-28,0.0016515813019202241,0.001721,0.0011561069113441569
2021-01-29,0.0016515813019202241,0.001721,0.0011561069113441569
2021-01-30,0.0016515813019202241,0.001721,0.0011561069113441569
2021-01-31,0.0016515813019202241,0.001721,0.0011561069113441569
2021-02-01,0.0016515813019202241,0.001721,0.0011561069113441569
2021-02-02,0.0016515813019202241,0.001721,0.0011561069113441569
2021-02-03,0.0016515813019202241,0.001721,0.0011561069113441569
2021-02-04,0.0016515813019202241,0.001721,0.0011561069113441569
2021-02-05,0.0016515813019202241,0.001721,0.0011561069113441569
2021-02-06,0.0016515813019202241,0.001721,0.0011561069113441569
2021-02-07,0.0016515813019202241,0.001721,0.0011561069113441569
2021-02-08,0.0016515813019202241,0.001721,0.0011561069113441569
2021-02-09,0.0016515813019202241,0.001721,0.0011561069113441569
2021-02-10,0.0016515813019202241,0.001721,0.0011561069113441569
2021-02-11,0.0016515813019202241,0.001721,0.0011561069113441569
2021-02-12,0.0016515813019202241,0.001721,0.0011561069113441569
2021-02-13,0.0016515813019202241,0.001721,0.0011561069113441569
2021-02-14,0.0016515813019202241,0.001721,0.0011561069113441569
2021-02-15,0.0016515813019202241,0.001721,0.0011561069113441569
2021-02-16,0.0016515813019202241,0.001721,0.0011561069113441569
2021-02-17,0.0016515813019202241,0.001721,0.0011561069113441569
2021-02-18,0.0016515813019202241,0.001721,0.0011561069113441569
2021-02-19,0.0016515813019202241,0.001721,0.0011561069113441569
2021-02-20,0.0016515813019202241,0.001721,0.0011561069113441569
2021-02-21,0.0016515813019202241,0.001721,0.0011561069113441569
2021-02-22,0.0016515813019202241,0.001721,0.0011561069113441569
2021-02-23,0.0016515813019202241,0.001721,0.0011561069113441569
2021-02-24,0.0016515813019202241,0.001721,0.0011561069113441569
2021-02-25,0.0016515813019202241,0.001721,0.0011561069113441569
2021-02-26,0.0016515813019202241,0.001721,0.0011561069113441569
2021-02-27,0.0016515813019202241,0.001721,0.0011561069113441569
2021-02-28,0.0016515813019202241,0.001721,0.0011561069113441569
2021-03-01,0.0016515813019202241,0.001721,0.0011561069113441569
2021-03-02,0.0016515813019202241,0.001721,0.0011561069113441569
2021-03-03,0.0016515813019202241,0.001721,0.0011561069113441569
2021-03-04,0.0016515813019202241,0.001721,0.0011561069113441569
2021-03-05,0.0016515813019202241,0.001721,0.0011561069113441569
2021-03-06,0.0016515813019202241,0.001721,0.0011561069113441569
2021-03-07,0.0016515813019202241,0.001721,0.0011561069113441569
2021-03-08,0.0016515813019202241,0.001721,0.0011561069113441569
2021-03-09,0.0016515813019202241,0.001721,0.0011561069113441569
2021-03-10,0.0016515813019202241,0.001721,0.0011561069113441569
2021-03-11,0.0016515813019202241,0.001721,0.0011561069113441569
2021-03-12,0.0016515813019202241,0.001721,0.0011561069113441569
2021-03-13,0.0016515813019202241,0.001721,0.0011561069113441569
2021-03-14,0.0016515813019202241,0.001721,0.0011561069113441569
2021-03-15,0.0016515813019202241,0.001721,0.0011561069113441569
2021-03-16,0.0016515813019202241,0.001721,0.0011561069113441569
2021-03-17,0.0016515813019202241,0.001721,0.0011561069113441569
2021-03-18,0.0022632796417700884,0.001721,0.0015842957492390617
2021-03-19,0.0022632796417700884,0.001721,0.0015842957492390617
2021-03-20,0.0022632796417700884,0.001721,0.0015842957492390617
2021-03-21,0.0022632796417700884,0.001721,0.0015842957492390617
2021-03-22,0.0022632796417700884,0.001721,0.0015842957492390617
2021-03-23,0.0022632796417700884,0.001721,0.0015842957492390617
2021-03-24,0.0022632796417700884,0.001721,0.0015842957492390617
2021-03-25,0.0022632796417700884,0.001721,0.0015842957492390617
2021-03-26,0.0022632796417700884,0.001721,0.0015842957492390617
2021-03-27,0.0022632796417700884,0.001721,0.0015842957492390617
2021-03-28,0.0022632796417700884,0.001721,0.0015842957492390617
2021-03-29,0.0022632796417700884,0.001721,0.0015842957492390617
2021-03-30,0.0022632796417700884,0.001721,0.0015842957492390617
2021-03-31,0.0022632796417700884,0.001721,0.0015842957492390617
2021-04-01,0.0022632796417700884,0.001721,0.0015842957492390617
2021-04-02,0.0022632796417700884,0.001721,0.0015842957492390617
2021-04-03,0.0022632796417700884,0.001721,0.0015842957492390617
2021-04-04,0.0022632796417700884,0.001721,0.0015842957492390617
2021-04-05,0.0022632796417700884,0.001721,0.0015842957492390617
2021-04-06,0.0022632796417700884,0.001721,0.0015842957492390617
2021-04-07,0.0022632796417700884,0.001721,0.0015842957492390617
2021-04-08,0.0022632796417700884,0.001721,0.0015842957492390617
2021-04-09,0.0022632796417700884,0.001721,0.0015842957492390617
2021-04-10,0.0022632796417700884,0.001721,0.0015842957492390617
2021-04-11,0.0022632796417700884,0.001721,0.0015842957492390617
2021-04-12,0.0022632796417700884,0.001721,0.0015842957492390617
2021-04-13,0.0022632796417700884,0.001721,0.0015842957492390617
2021-04-14,0.0022632796417700884,0.001721,0.0015842957492390617
2021-04-15,0.0022632796417700884,0.001721,0.0015842957492390617
2021-04-16,0.0022632796417700884,0.001721,0.0015842957492390617
2021-04-17,0.0022632796417700884,0.001721,0.0015842957492390617
2021-04-18,0.0022632796417700884,0.001721,0.0015842957492390617
2021-04-19,0.0022632796417700884,0.001721,0.0015842957492390617
2021-04-20,0.0022632796417700884,0.001721,0.0015842957492390617
2021-04-21,0.0022632796417700884,0.001721,0.0015842957492390617
2021-04-22,0.0022632796417700884,0.001721,0.0015842957492390617
2021-04-23,0.0022632796417700884,0.001721,0.0015842957492390617
2021-04-24,0.0022632796417700884,0.001721,0.0015842957492390617
2021-04-25,0.0022632796417700884,0.001721,0.0015842957492390617
2021-04-26,0.0022632796417700884,0.001721,0.0015842957492390617
2021-04-27,0.0022632796417700884,0.001721,0.0015842957492390617
2021-04-28,0.0022632796417700884,0.001721,0.0015842957492390617
2021-04-29,0.0022632796417700884,0.001721,0.0015842957492390617
2021-04-30,0.0022632796417700884,0.001721,0.0015842957492390617
2021-05-01,0.0022632796417700884,0.001721,0.0015842957492390617
2021-05-02,0.0022632796417700884,0.001721,0.0015842957492390617
2021-05-03,0.0022632796417700884,0.001721,0.0015842957492390617
2021-05-04,0.0022632796417700884,0.001721,0.0015842957492390617
2021-05-05,0.0022632796417700884,0.001721,0.0015842957492390617
2021-05-06,0.002870898719076642,0.001721,0.0020096291033536496
2021-05-07,0.002870898719076642,0.001721,0.0020096291033536496
2021-05-08,0.002870898719076642,0.001721,0.0020096291033536496
2021-05-09,0.002870898719076642,0.001721,0.0020096291033536496
2021-05-10,0.002870898719076642,0.001721,0.0020096291033536496
2021-05-11,0.002870898719076642,0.001721,0.0020096291033536496
2021-05-12,0.002870898719076642,0.001721,0.0020096291033536496
2021-05-13,0.002870898719076642,0.001721,0.0020096291033536496
2021-05-14,0.002870898719076642,0.001721,0.0020096291033536496
2021-05-15,0.002870898719076642,0.001721,0.0020096291033536496
2021-05-16,0.002870898719076642,0.001721,0.0020096291033536496
2021-05-17,0.002870898719076642,0.001721,0.0020096291033536496
2021-05-18,0.002870898719076642,0.001721,0.0020096291033536496
2021-05-19,0.002870898719076642,0.001721,0.0020096291033536496
2021-05-20,0.002870898719076642,0.001721,0.0020096291033536496
2021-05-21,0.002870898719076642,0.001721,0.0020096291033536496
2021-05-22,0.002870898719076642,0.001721,0.0020096291033536496
2021-05-23,0.002870898719076642,0.001721,0.0020096291033536496
2021-05-24,0.002870898719076642,0.001721,0.0020096291033536496
2021-05-25,0.002870898719076642,0.001721,0.0020096291033536496
2021-05-26,0.002870898719076642,0.001721,0.0020096291033536496
2021-05-27,0.002870898719076642,0.001721,0.0020096291033536496
2021-05-28,0.002870898719076642,0.001721,0.0020096291033536496
2021-05-29,0.002870898719076642,0.001721,0.0020096291033536496
2021-05-30,0.002870898719076642,0.001721,0.0020096291033536496
2021-05-31,0.002870898719076642,0.001721,0.0020096291033536496
2021-06-01,0.002870898719076642,0.001721,0.0020096291033536496
2021-06-02,0.002870898719076642,0.001721,0.0020096291033536496
2021-06-03,0.002870898719076642,0.001721,0.0020096291033536496
2021-06-04,0.002870898719076642,0.001721,0.0020096291033536496
2021-06-05,0.002870898719076642,0.001721,0.0020096291033536496
2021-06-06,0.002870898719076642,0.001721,0.0020096291033536496
2021-06-07,0.002870898719076642,0.001721,0.0020096291033536496
2021-06-08,0.002870898719076642,0.001721,0.0020096291033536496
2021-06-09,0.002870898719076642,0.001721,0.0020096291033536496
2021-06-10,0.002870898719076642,0.001721,0.0020096291033536496
2021-06-11,0.002870898719076642,0.001721,0.0020096291033536496
2021-06-12,0.002870898719076642,0.001721,0.0020096291033536496
2021-06-13,0.002870898719076642,0.001721,0.0020096291033536496
2021-06-14,0.002870898719076642,0.001721,0.0020096291033536496
2021-06-15,0.002870898719076642,0.001721,0.0020096291033536496
2021-06-16,0.002870898719076642,0.001721,0.0020096291033536496
2021-06-17,0.003474495003497502,0.001721,0.002432146502448251
2021-06-18,0.003474495003497502,0.001721,0.002432146502448251
2021-06-19,0.003474495003497502,0.001721,0.002432146502448251
2021-06-20,0.003474495003497502,0.001721,0.002432146502448251
2021-06-21,0.003474495003497502,0.001721,0.002432146502448251
2021-06-22,0.003474495003497502,0.001721,0.002432146502448251
2021-06-23,0.003474495003497502,0.001721,0.002432146502448251
2021-06-24,0.003474495003497502,0.001721,0.002432146502448251
2021-06-25,0.003474495003497502,0.001721,0.002432146502448251
2021-06-26,0.003474495003497502,0.001721,0.002432146502448251
2021-06-27,0.003474495003497502,0.001721,0.002432146502448251
2021-06-28,0.003474495003497502,0.001721,0.002432146502448251
2021-06-29,0.003474495003497502,0.001721,0.002432146502448251
2021-06-30,0.003474495003497502,0.001721,0.002432146502448251
2021-07-01,0.003474495003497502,0.001721,0.002432146502448251
2021-07-02,0.003474495003497502,0.001721,0.002432146502448251
2021-07-03,0.003474495003497502,0.001721,0.002432146502448251
2021-07-04,0.003474495003497502,0.001721,0.002432146502448251
2021-07-05,0.003474495003497502,0.001721,0.002432146502448251
2021-07-06,0.003474495003497502,0.001721,0.002432146502448251
2021-07-07,0.003474495003497502,0.001721,0.002432146502448251
2021-07-08,0.003474495003497502,0.001721,0.002432146502448251
2021-07-09,0.003474495003497502,0.001721,0.002432146502448251
2021-07-10,0.003474495003497502,0.001721,0.002432146502448251
2021-07-11,0.003474495003497502,0.001721,0.002432146502448251
2021-07-12,0.003474495003497502,0.001721,0.002432146502448251
2021-07-13,0.003474495003497502,0.001721,0.002432146502448251
2021-07-14,0.003474495003497502,0.001721,0.002432146502448251
2021-07-15,0.003474495003497502,0.001721,0.002432146502448251
2021-07-16,0.003474495003497502,0.001721,0.002432146502448251
2021-07-17,0.003474495003497502,0.001721,0.002432146502448251
2021-07-18,0.003474495003497502,0.001721,0.002432146502448251
2021-07-19,0.003474495003497502,0.001721,0.002432146502448251
2021-07-20,0.003474495003497502,0.001721,0.002432146502448251
2021-07-21,0.003474495003497502,0.001721,0.002432146502448251
2021-07-22,0.003474495003497502,0.001721,0.002432146502448251
2021-07-23,0.003474495003497502,0.001721,0.002432146502448251
2021-07-24,0.003474495003497502,0.001721,0.002432146502448251
2021-07-25,0.003474495003497502,0.001721,0.002432146502448251
2021-07-26,0.003474495003497502,0.001721,0.002432146502448251
2021-07-27,0.003474495003497502,0.001721,0.002432146502448251
2021-07-28,0.003474495003497502,0.001721,0.002432146502448251
2021-07-29,0.003474495003497502,0.001721,0.002432146502448251
2021-07-30,0.003474495003497502,0.001721,0.002432146502448251
2021-07-31,0.003474495003497502,0.001721,0.002432146502448251
2021-08-01,0.003474495003497502,0.001721,0.002432146502448251
2021-08-02,0.003474495003497502,0.001721,0.002432146502448251
2021-08-03,0.003474495003497502,0.001721,0.002432146502448251
2021-08-04,0.003474495003497502,0.001721,0.002432146502448251
2021-08-05,0.004273127766158069,0.001721,0.002991189436310648
2021-08-06,0.004273127766158069,0.001721,0.002991189436310648
2021-08-07,0.004273127766158069,0.001721,0.002991189436310648
2021-08-08,0.004273127766158069,0.001721,0.002991189436310648
2021-08-09,0.004273127766158069,0.001721,0.002991189436310648
2021-08-10,0.004273127766158069,0.001721,0.002991189436310648
2021-08-11,0.004273127766158069,0.001721,0.002991189436310648
2021-08-12,0.004273127766158069,0.001721,0.002991189436310648
2021-08-13,0.004273127766158069,0.001721,0.002991189436310648
2021-08-14,0.004273127766158069,0.001721,0.002991189436310648
2021-08-15,0.004273127766158069,0.001721,0.002991189436310648
2021-08-16,0.004273127766158069,0.001721,0.002991189436310648
2021-08-17,0.004273127766158069,0.001721,0.002991189436310648
2021-08-18,0.004273127766158069,0.001721,0.002991189436310648
2021-08-19,0.004273127766158069,0.001721,0.002991189436310648
2021-08-20,0.004273127766158069,0.001721,0.002991189436310648
2021-08-21,0.004273127766158069,0.001721,0.002991189436310648
2021-08-22,0.004273127766158069,0.001721,0.002991189436310648
2021-08-23,0.004273127766158069,0.001721,0.002991189436310648
2021-08-24,0.004273127766158069,0.001721,0.002991189436310648
2021-08-25,0.004273127766158069,0.001721,0.002991189436310648
2021-08-26,0.004273127766158069,0.001721,0.002991189436310648
2021-08-27,0.004273127766158069,0.001721,0.002991189436310648
2021-08-28,0.004273127766158069,0.001721,0.002991189436310648
2021-08-29,0.004273127766158069,0.001721,0.002991189436310648
2021-08-30,0.004273127766158069,0.001721,0.002991189436310648
2021-08-31,0.004273127766158069,0.001721,0.002991189436310648
2021-09-01,0.004273127766158069,0.001721,0.002991189436310648
2021-09-02,0.004273127766158069,0.001721,0.002991189436310648
2021-09-03,0.004273127766158069,0.001721,0.002991189436310648
2021-09-04,0.004273127766158069,0.001721,0.002991189436310648
2021-09-05,0.004273127766158069,0.001721,0.002991189436310648
2021-09-06,0.004273127766158069,0.001721,0.002991189436310648
2021-09-07,0.004273127766158069,0.001721,0.002991189436310648
2021-09-08,0.004273127766158069,0.001721,0.002991189436310648
2021-09-09,0.004273127766158069,0.001721,0.002991189436310648
2021-09-10,0.004273127766158069,0.001721,0.002991189436310648
2021-09-11,0.004273127766158069,0.001721,0.002991189436310648
2021-09-12,0.004273127766158069,0.001721,0.002991189436310648
2021-09-13,0.004273127766158069,0.001721,0.002991189436310648
2021-09-14,0.004273127766158069,0.001721,0.002991189436310648
2021-09-15,0.004273127766158069,0.001721,0.002991189436310648
2021-09-16,0.004273127766158069,0.001721,0.002991189436310648
2021-09-17,0.004273127766158069,0.001721,0.002991189436310648
2021-09-18,0.004273127766158069,0.001721,0.002991189436310648
2021-09-19,0.004273127766158069,0.001721,0.002991189436310648
2021-09-20,0.004273127766158069,0.001721,0.002991189436310648
2021-09-21,0.004273127766158069,0.001721,0.002991189436310648
2021-09-22,0.004273127766158069,0.001721,0.002991189436310648
2021-09-23,0.005064834949770836,0.001721,0.0035453844648395847
2021-09-24,0.005064834949770836,0.001721,0.0035453844648395847
2021-09-25,0.005064834949770836,0.001721,0.0035453844648395847
2021-09-26,0.005064834949770836,0.001721,0.0035453844648395847
2021-09-27,0.005064834949770836,0.001721,0.0035453844648395847
2021-09-28,0.005064834949770836,0.001721,0.0035453844648395847
2021-09-29,0.005064834949770836,0.001721,0.0035453844648395847
2021-09-30,0.005064834949770836,0.001721,0.0035453844648395847
2021-10-01,0.005064834949770836,0.001721,0.0035453844648395847
2021-10-02,0.005064834949770836,0.001721,0.0035453844648395847
2021-10-03,0.005064834949770836,0.001721,0.0035453844648395847
2021-10-04,0.005064834949770836,0.001721,0.0035453844648395847
2021-10-05,0.005064834949770836,0.001721,0.0035453844648395847
2021-10-06,0.005064834949770836,0.001721,0.0035453844648395847
2021-10-07,0.005064834949770836,0.001721,0.0035453844648395847
2021-10-08,0.005064834949770836,0.001721,0.0035453844648395847
2021-10-09,0.005064834949770836,0.001721,0.0035453844648395847
2021-10-10,0.005064834949770836,0.001721,0.0035453844648395847
2021-10-11,0.005064834949770836,0.001721,0.0035453844648395847
2021-10-12,0.005064834949770836,0.001721,0.0035453844648395847
2021-10-13,0.005064834949770836,0.001721,0.0035453844648395847
2021-10-14,0.005064834949770836,0.001721,0.0035453844648395847
2021-10-15,0.005064834949770836,0.001721,0.0035453844648395847
2021-10-16,0.005064834949770836,0.001721,0.0035453844648395847
2021-10-17,0.005064834949770836,0.001721,0.0035453844648395847
2021-10-18,0.005064834949770836,0.001721,0.0035453844648395847
2021-10-19,0.005064834949770836,0.001721,0.0035453844648395847
2021-10-20,0.005064834949770836,0.001721,0.0035453844648395847
2021-10-21,0.005064834949770836,0.001721,0.0035453844648395847
2021-10-22,0.005064834949770836,0.001721,0.0035453844648395847
2021-10-23,0.005064834949770836,0.001721,0.0035453844648395847
2021-10-24,0.005064834949770836,0.001721,0.0035453844648395847
2021-10-25,0.005064834949770836,0.001721,0.0035453844648395847
2021-10-26,0.005064834949770836,0.001721,0.0035453844648395847
2021-10-27,0.005064834949770836,0.001721,0.0035453844648395847
2021-10-28,0.006239681461285729,0.001721,0.00436777702290001
2021-10-29,0.006239681461285729,0.001721,0.00436777702290001
2021-10-30,0.006239681461285729,0.001721,0.00436777702290001
2021-10-31,0.006239681461285729,0.001721,0.00436777702290001
2021-11-01,0.006239681461285729,0.001721,0.00436777702290001
2021-11-02,0.006239681461285729,0.001721,0.00436777702290001
2021-11-03,0.006239681461285729,0.001721,0.00436777702290001
2021-11-04,0.006239681461285729,0.001721,0.00436777702290001
2021-11-05,0.006239681461285729,0.001721,0.00436777702290001
2021-11-06,0.006239681461285729,0.001721,0.00436777702290001
2021-11-07,0.006239681461285729,0.001721,0.00436777702290001
2021-11-08,0.006239681461285729,0.001721,0.00436777702290001
2021-11-09,0.006239681461285729,0.001721,0.00436777702290001
2021-11-10,0.006239681461285729,0.001721,0.00436777702290001
2021-11-11,0.006239681461285729,0.001721,0.00436777702290001
2021-11-12,0.006239681461285729,0.001721,0.00436777702290001
2021-11-13,0.006239681461285729,0.001721,0.00436777702290001
2021-11-14,0.006239681461285729,0.001721,0.00436777702290001
2021-11-15,0.006239681461285729,0.001721,0.00436777702290001
2021-11-16,0.006239681461285729,0.001721,0.00436777702290001
2021-11-17,0.006239681461285729,0.001721,0.00436777702290001
2021-11-18,0.006239681461285729,0.001721,0.00436777702290001
2021-11-19,0.006239681461285729,0.001721,0.00436777702290001
2021-11-20,0.006239681461285729,0.001721,0.00436777702290001
2021-11-21,0.006239681461285729,0.001721,0.00436777702290001
2021-11-22,0.006239681461285729,0.001721,0.00436777702290001
2021-11-23,0.006239681461285729,0.001721,0.00436777702290001
2021-11-24,0.006239681461285729,0.001721,0.00436777702290001
2021-11-25,0.006239681461285729,0.001721,0.00436777702290001
2021-11-26,0.006239681461285729,0.001721,0.00436777702290001
2021-11-27,0.006239681461285729,0.001721,0.00436777702290001
2021-11-28,0.006239681461285729,0.001721,0.00436777702290001
2021-11-29,0.006239681461285729,0.001721,0.00436777702290001
2021-11-30,0.006239681461285729,0.001721,0.00436777702290001
2021-12-01,0.006239681461285729,0.001721,0.00436777702290001
2021-12-02,0.006239681461285729,0.001721,0.00436777702290001
2021-12-03,0.006239681461285729,0.001721,0.00436777702290001
2021-12-04,0.006239681461285729,0.001721,0.00436777702290001
2021-12-05,0.006239681461285729,0.001721,0.00436777702290001
2021-12-06,0.006239681461285729,0.001721,0.00436777702290001
2021-12-07,0.006239681461285729,0.001721,0.00436777702290001
2021-12-08,0.006239681461285729,0.001721,0.00436777702290001
2021-12-09,0.007399630287176828,0.000652,0.005652
2021-12-10,0.007399630287176828,0.000436,0.005436
2021-12-11,0.007399630287176828,0.000469,0.005469
2021-12-12,0.007399630287176828,0.000728,0.005728
2021-12-13,0.007399630287176828,0.000987,0.005987
2021-12-14,0.007399630287176828,0.001024,0.006024
2021-12-15,0.007399630287176828,0.001037,0.006037
2021-12-16,0.007399630287176828,0.000835,0.005835
2021-12-17,0.007399630287176828,0.000498,0.005498
2021-12-18,0.007399630287176828,0.000536,0.005536
2021-12-19,0.007399630287176828,0.000896,0.005896
2021-12-20,0.007399630287176828,0.001156,0.006156
2021-12-21,0.007399630287176828,0.001195,0.006195
2021-12-22,0.007399630287176828,0.001141,0.006141
2021-12-23,0.007399630287176828,0.000905,0.005905
2021-12-24,0.007399630287176828,0.000688,0.005688
2021-12-25,0.007399630287176828,0.000735,0.005735
2021-12-26,0.007399630287176828,0.000997,0.005997
2021-12-27,0.007399630287176828,0.001259,0.006259
2021-12-28,0.007399630287176828,0.001312,0.006312
2021-12-29,0.007399630287176828,0.001345,0.006345
2021-12-30,0.007399630287176828,0.001112,0.006112
2021-12-31,0.007399630287176828,0.000853,0.005853
2022-01-01,0.007399630287176828,0.000605,0.005605
2022-01-02,0.007399630287176828,0.000868,0.005868
2022-01-03,0.007399630287176828,0.001132,0.006132
2022-01-04,0.007399630287176828,0.001152,0.006152
2022-01-05,0.007399630287176828,0.00114,0.00614
2022-01-06,0.007399630287176828,0.000903,0.005903
2022-01-07,0.007399630287176828,0.000657,0.005657
2022-01-08,0.007399630287176828,0.000674,0.005674
2022-01-09,0.007399630287176828,0.000941,0.005941
2022-01-10,0.007399630287176828,0.001209,0.006209
2022-01-11,0.007399630287176828,0.001243,0.006243
2022-01-12,0.007399630287176828,0.001249,0.006249
2022-01-13,0.007399630287176828,0.000995,0.005995
2022-01-14,0.007399630287176828,0.000747,0.005747
2022-01-15,0.007399630287176828,0.00076,0.00576
2022-01-16,0.007399630287176828,0.001031,0.006031
2022-01-17,0.007399630287176828,0.001303,0.006303
2022-01-18,0.007399630287176828,0.001317,0.006317
2022-01-19,0.007399630287176828,0.001333,0.006333
2022-01-20,0.007399630287176828,0.001101,0.006101
2022-01-21,0.007399630287176828,0.000841,0.005841
2022-01-22,0.007399630287176828,0.000873,0.005873
2022-01-23,0.007399630287176828,0.00115,0.00615
2022-01-24,0.007399630287176828,0.001428,0.006428
2022-01-25,0.007399630287176828,0.001436,0.006436
2022-01-26,0.007399630287176828,0.001364,0.006364
2022-01-27,0.007399630287176828,0.001113,0.006113
2022-01-28,0.007399630287176828,0.000478,0.005478
2022-01-29,0.007399630287176828,0.000231,0.005231
2022-01-30,0.007399630287176828,0.000231,0.005231
2022-01-31,0.007399630287176828,0.000231,0.005231
2022-02-01,0.007399630287176828,0.0000,0.0050
2022-02-02,0.007399630287176828,0.0000,0.0050
2022-02-03,0.008545071039486096,0.0000,0.0050
2022-02-04,0.008545071039486096,0.0000,0.0050
2022-02-05,0.008545071039486096,0.0000,0.0050
2022-02-06,0.008545071039486096,0.0000,0.0050
2022-02-07,0.008545071039486096,0.0000,0.0050
2022-02-08,0.008545071039486096,0.0000,0.0050
2022-02-09,0.008545071039486096,0.0000,0.0050
2022-02-10,0.008545071039486096,0.0000,0.0050
2022-02-11,0.008545071039486096,0.0000,0.0050
2022-02-12,0.008545071039486096,0.0000,0.0050
2022-02-13,0.008545071039486096,0.0000,0.0050
2022-02-14,0.008545071039486096,0.0000,0.0050
2022-02-15,0.008545071039486096,0.0000,0.0050
2022-02-16,0.008545071039486096,0.0000,0.0050
2022-02-17,0.008545071039486096,0.0000,0.0050
2022-02-18,0.008545071039486096,0.0000,0.0050
2022-02-19,0.008545071039486096,0.0000,0.0050
2022-02-20,0.008545071039486096,0.0000,0.0050
2022-02-21,0.008545071039486096,0.0000,0.0050
2022-02-22,0.008545071039486096,0.0000,0.0050
2022-02-23,0.008545071039486096,0.0000,0.0050
2022-02-24,0.008545071039486096,0.0000,0.0050
2022-02-25,0.008545071039486096,0.0000,0.0050
2022-02-26,0.008545071039486096,0.0000,0.0050
2022-02-27,0.008545071039486096,0.0000,0.0050
2022-02-28,0.008545071039486096,0.0000,0.0050
2022-03-01,0.008545071039486096,0.000971,0.005971
2022-03-02,0.008545071039486096,0.001298,0.006298
2022-03-03,0.008545071039486096,0.000992,0.005992
2022-03-04,0.008545071039486096,0.00067,0.00567
2022-03-05,0.008545071039486096,0.000775,0.005775
2022-03-06,0.008545071039486096,0.001012,0.006012
2022-03-07,0.008545071039486096,0.001348,0.006348
2022-03-08,0.008545071039486096,0.001386,0.006386
2022-03-09,0.008545071039486096,0.001415,0.006415
2022-03-10,0.008545071039486096,0.001123,0.006123
2022-03-11,0.008545071039486096,0.000851,0.005851
2022-03-12,0.008545071039486096,0.000933,0.005933
2022-03-13,0.008545071039486096,0.001268,0.006268
2022-03-14,0.008545071039486096,0.001505,0.006505
2022-03-15,0.008545071039486096,0.001551,0.006551
2022-03-16,0.008545071039486096,0.001254,0.006254
2022-03-17,0.009300823618865417,0.001058,0.006058
2022-03-18,0.009300823618865417,0.000744,0.005744
2022-03-19,0.009300823618865417,0.000758,0.005758
2022-03-20,0.009300823618865417,0.00109,0.00609
2022-03-21,0.009300823618865417,0.001322,0.006322
2022-03-22,0.009300823618865417,0.001016,0.006016
2022-03-23,0.009300823618865417,0.001041,0.006041
2022-03-24,0.009300823618865417,0.000835,0.005835
2022-03-25,0.009300823618865417,0.000509,0.005509
2022-03-26,0.009300823618865417,0.000521,0.005521
2022-03-27,0.009300823618865417,0.000852,0.005852
2022-03-28,0.009300823618865417,0.001084,0.006084
2022-03-29,0.009300823618865417,0.001094,0.006094
2022-03-30,0.009300823618865417,0.001108,0.006108
2022-03-31,0.009300823618865417,0.000799,0.005799
2022-04-01,0.009300823618865417,0.000555,0.005555
2022-04-02,0.009300823618865417,0.000242,0.005242
2022-04-03,0.009300823618865417,0.000574,0.005574
2022-04-04,0.009300823618865417,0.000805,0.005805
2022-04-05,0.009300823618865417,0.000801,0.005801
2022-04-06,0.009300823618865417,0.000818,0.005818
2022-04-07,0.009300823618865417,0.000838,0.005838
2022-04-08,0.009300823618865417,0.000611,0.005611
2022-04-09,0.009300823618865417,0.000323,0.005323
2022-04-10,0.009300823618865417,0.000658,0.005658
2022-04-11,0.009300823618865417,0.000894,0.005894
2022-04-12,0.009300823618865417,0.000919,0.005919
2022-04-13,0.009300823618865417,0.000932,0.005932
2022-04-14,0.009300823618865417,0.000928,0.005928
2022-04-15,0.009300823618865417,0.000595,0.005595
2022-04-16,0.009300823618865417,0.000595,0.005595
2022-04-17,0.009300823618865417,0.000933,0.005933
2022-04-18,0.009300823618865417,0.001271,0.006271
2022-04-19,0.009300823618865417,0.00128,0.00628
2022-04-20,0.009300823618865417,0.001301,0.006301
2022-04-21,0.009300823618865417,0.001302,0.006302
2022-04-22,0.009300823618865417,0.001302,0.006302
2022-04-23,0.009300823618865417,0.000968,0.005968
2022-04-24,0.009300823618865417,0.001209,0.006209
2022-04-25,0.009300823618865417,0.001549,0.006549
2022-04-26,0.009300823618865417,0.001538,0.006538
2022-04-27,0.009300823618865417,0.001568,0.006568
2022-04-28,0.009300823618865417,0.001609,0.006609
2022-04-29,0.009300823618865417,0.001278,0.006278
2022-04-30,0.009300823618865417,0.001072,0.006072
2022-05-01,0.009300823618865417,0.001663,0.006663
2022-05-02,0.009300823618865417,0.001909,0.006909
2022-05-03,0.009300823618865417,0.001904,0.006904
2022-05-04,0.009300823618865417,0.001937,0.006937
2022-05-05,0.010050402122422808,0.001638,0.006638
2022-05-06,0.010050402122422808,0.001401,0.006401
2022-05-07,0.010050402122422808,0.001404,0.006404
2022-05-08,0.010050402122422808,0.001652,0.006652
2022-05-09,0.010050402122422808,0.002001,0.007001
2022-05-10,0.010050402122422808,0.002003,0.007003
2022-05-11,0.010050402122422808,0.002023,0.007023
2022-05-12,0.010050402122422808,0.001664,0.006664
2022-05-13,0.010050402122422808,0.001407,0.006407
2022-05-14,0.010050402122422808,0.001418,0.006418
2022-05-15,0.010050402122422808,0.001666,0.006666
2022-05-16,0.010050402122422808,0.002015,0.007015
2022-05-17,0.010050402122422808,0.001684,0.006684
2022-05-18,0.010050402122422808,0.001689,0.006689
2022-05-19,0.010050402122422808,0.001434,0.006434
2022-05-20,0.010050402122422808,0.001079,0.006079
2022-05-21,0.010050402122422808,0.001062,0.006062
2022-05-22,0.010050402122422808,0.001411,0.006411
2022-05-23,0.010050402122422808,0.001659,0.006659
2022-05-24,0.010050402122422808,0.001715,0.006715
2022-05-25,0.010050402122422808,0.00171,0.00671
2022-05-26,0.010050402122422808,0.001455,0.006455
2022-05-27,0.010050402122422808,0.001106,0.006106
2022-05-28,0.010050402122422808,0.001112,0.006112
2022-05-29,0.010050402122422808,0.001463,0.006463
2022-05-30,0.010050402122422808,0.001715,0.006715
2022-05-31,0.010050402122422808,0.001725,0.006725
2022-06-01,0.010050402122422808,0.001484,0.006484
2022-06-02,0.010050402122422808,0.001511,0.006511
2022-06-03,0.010050402122422808,0.001156,0.006156
2022-06-04,0.010050402122422808,0.000824,0.005824
2022-06-05,0.010050402122422808,0.001189,0.006189
2022-06-06,0.010050402122422808,0.001455,0.006455
2022-06-07,0.010050402122422808,0.001484,0.006484
2022-06-08,0.010050402122422808,0.001501,0.006501
2022-06-09,0.010050402122422808,0.001512,0.006512
2022-06-10,0.010050402122422808,0.001254,0.006254
2022-06-11,0.010050402122422808,0.000945,0.005945
2022-06-12,0.010050402122422808,0.001212,0.006212
2022-06-13,0.010050402122422808,0.00158,0.00658
2022-06-14,0.010050402122422808,0.001594,0.006594
2022-06-15,0.010050402122422808,0.001644,0.006644
2022-06-16,0.010422908867375291,0.001635,0.006635
2022-06-17,0.010422908867375291,0.001635,0.006635
2022-06-18,0.010422908867375291,0.001273,0.006273
2022-06-19,0.010422908867375291,0.00164,0.00664
2022-06-20,0.010422908867375291,0.001907,0.006907
2022-06-21,0.010422908867375291,0.001923,0.006923
2022-06-22,0.010422908867375291,0.001914,0.006914
2022-06-23,0.010422908867375291,0.001919,0.006919
2022-06-24,0.010422908867375291,0.001668,0.006668
2022-06-25,0.010422908867375291,0.001325,0.006325
2022-06-26,0.010422908867375291,0.001693,0.006693
2022-06-27,0.010422908867375291,0.001962,0.006962
2022-06-28,0.010422908867375291,0.001962,0.006962
2022-06-29,0.010422908867375291,0.001988,0.006988
2022-06-30,0.010422908867375291,0.002007,0.007007
2022-07-01,0.010422908867375291,0.001631,0.006631
2022-07-02,0.010422908867375291,0.001635,0.006635
2022-07-03,0.010422908867375291,0.002003,0.007003
2022-07-04,0.010422908867375291,0.002273,0.007273
2022-07-05,0.010422908867375291,0.00227,0.00727
2022-07-06,0.010422908867375291,0.002267,0.007267
2022-07-07,0.010422908867375291,0.001998,0.006998
2022-07-08,0.010422908867375291,0.001634,0.006634
2022-07-09,0.010422908867375291,0.001651,0.006651
2022-07-10,0.010422908867375291,0.002021,0.007021
2022-07-11,0.010422908867375291,0.002292,0.007292
2022-07-12,0.010422908867375291,0.002296,0.007296
2022-07-13,0.010422908867375291,0.002312,0.007312
2022-07-14,0.010422908867375291,0.002048,0.007048
2022-07-15,0.010422908867375291,0.001688,0.006688
2022-07-16,0.010422908867375291,0.001701,0.006701
2022-07-17,0.010422908867375291,0.002073,0.007073
2022-07-18,0.010422908867375291,0.002346,0.007346
2022-07-19,0.010422908867375291,0.002361,0.007361
2022-07-20,0.010422908867375291,0.00236,0.00736
2022-07-21,0.010422908867375291,0.00209,0.00709
2022-07-22,0.010422908867375291,0.001715,0.006715
2022-07-23,0.010422908867375291,0.001721,0.006721
2022-07-24,0.010422908867375291,0.002095,0.007095
2022-07-25,0.010422908867375291,0.002369,0.007369
2022-07-26,0.010422908867375291,0.002373,0.007373
2022-07-27,0.010422908867375291,0.002374,0.007374
2022-07-28,0.010422908867375291,0.002121,0.007121
2022-07-29,0.010422908867375291,0.001751,0.006751
2022-07-30,0.010422908867375291,0.001758,0.006758
2022-07-31,0.010422908867375291,0.002133,0.007133
2022-08-01,0.010422908867375291,0.002409,0.007409
2022-08-02,0.010422908867375291,0.002408,0.007408
2022-08-03,0.010422908867375291,0.00242,0.00742
2022-08-04,0.010793911082132235,0.002073,0.007073
2022-08-05,0.010793911082132235,0.001795,0.006795
2022-08-06,0.010793911082132235,0.001801,0.006801
2022-08-07,0.010793911082132235,0.002078,0.007078
2022-08-08,0.010793911082132235,0.002078,0.007078
2022-08-09,0.010793911082132235,0.002065,0.007065
2022-08-10,0.010793911082132235,0.002065,0.007065
2022-08-11,0.010793911082132235,0.001789,0.006789
2022-08-12,0.010793911082132235,0.001513,0.006513
2022-08-13,0.010793911082132235,0.001518,0.006518
2022-08-14,0.010793911082132235,0.001794,0.006794
2022-08-15,0.010793911082132235,0.002072,0.007072
2022-08-16,0.010793911082132235,0.002074,0.007074
2022-08-17,0.010793911082132235,0.002076,0.007076
2022-08-18,0.010793911082132235,0.001784,0.006784
2022-08-19,0.010793911082132235,0.001516,0.006516
2022-08-20,0.010793911082132235,0.001516,0.006516
2022-08-21,0.010793911082132235,0.001792,0.006792
2022-08-22,0.010793911082132235,0.002069,0.007069
2022-08-23,0.010793911082132235,0.002077,0.007077
2022-08-24,0.010793911082132235,0.002077,0.007077
2022-08-25,0.010793911082132235,0.0018,0.0068
2022-08-26,0.010793911082132235,0.001519,0.006519
2022-08-27,0.010793911082132235,0.001423,0.006423
2022-08-28,0.010793911082132235,0.001799,0.006799
2022-08-29,0.010793911082132235,0.002077,0.007077
2022-08-30,0.010793911082132235,0.002082,0.007082
2022-08-31,0.010793911082132235,0.002082,0.007082
2022-09-01,0.010793911082132235,0.001805,0.006805
2022-09-02,0.010793911082132235,0.001425,0.006425
2022-09-03,0.010793911082132235,0.001146,0.006146
2022-09-04,0.010793911082132235,0.001423,0.006423
2022-09-05,0.010793911082132235,0.0018,0.0068
2022-09-06,0.010793911082132235,0.0018,0.0068
2022-09-07,0.010793911082132235,0.001808,0.006808
2022-09-08,0.010793911082132235,0.002087,0.007087
2022-09-09,0.010793911082132235,0.001809,0.006809
2022-09-10,0.010793911082132235,0.001433,0.006433
2022-09-11,0.010793911082132235,0.00181,0.00681
2022-09-12,0.010793911082132235,0.002087,0.007087
2022-09-13,0.010793911082132235,0.00181,0.00681
2022-09-14,0.010793911082132235,0.001821,0.006821
2022-09-15,0.010793911082132235,0.001826,0.006826
2022-09-16,0.010793911082132235,0.001463,0.006463
2022-09-17,0.010793911082132235,0.001192,0.006192
2022-09-18,0.010793911082132235,0.00147,0.00647
2022-09-19,0.010793911082132235,0.00185,0.00685
2022-09-20,0.010793911082132235,0.001841,0.006841
2022-09-21,0.010793911082132235,0.001836,0.006836
2022-09-22,0.010793911082132235,0.001815,0.006815
2022-09-23,0.010793911082132235,0.001504,0.006504
2022-09-24,0.010793911082132235,0.001136,0.006136
2022-09-25,0.010793911082132235,0.001512,0.006512
2022-09-26,0.010793911082132235,0.001788,0.006788
2022-09-27,0.010793911082132235,0.00177,0.00677
2022-09-28,0.010793911082132235,0.001768,0.006768
2022-09-29,0.010793911082132235,0.001772,0.006772
2022-09-30,0.010793911082132235,0.001497,0.006497
2022-10-01,0.010793911082132235,0.001494,0.006494
2022-10-02,0.010793911082132235,0.001769,0.006769
2022-10-03,0.010793911082132235,0.001769,0.006769
2022-10-04,0.010793911082132235,0.00178,0.00678
2022-10-05,0.010793911082132235,0.001787,0.006787
2022-10-06,0.010793911082132235,0.001512,0.006512
2022-10-07,0.010793911082132235,0.00113,0.00613
2022-10-08,0.010793911082132235,0.001131,0.006131
2022-10-09,0.010793911082132235,0.001506,0.006506
2022-10-10,0.010793911082132235,0.001781,0.006781
2022-10-11,0.010793911082132235,0.001802,0.006802
2022-10-12,0.010793911082132235,0.001789,0.006789
2022-10-13,0.010793911082132235,0.001789,0.006789
2022-10-14,0.010793911082132235,0.001508,0.006508
2022-10-15,0.010793911082132235,0.001507,0.006507
2022-10-16,0.010793911082132235,0.001507,0.006507
2022-10-17,0.010793911082132235,0.001782,0.006782
2022-10-18,0.010793911082132235,0.00178,0.00678
2022-10-19,0.010793911082132235,0.001785,0.006785
2022-10-20,0.010793911082132235,0.001505,0.006505
2022-10-21,0.010793911082132235,0.001137,0.006137
2022-10-22,0.010793911082132235,0.001141,0.006141
2022-10-23,0.010793911082132235,0.001516,0.006516
2022-10-24,0.010793911082132235,0.001792,0.006792
2022-10-25,0.010793911082132235,0.001785,0.006785
2022-10-26,0.010793911082132235,0.001782,0.006782
2022-10-27,0.010793911082132235,0.001508,0.006508
2022-10-28,0.010793911082132235,0.00113,0.00613
2022-10-29,0.010793911082132235,0.001131,0.006131
2022-10-30,0.010793911082132235,0.001507,0.006507
2022-10-31,0.010793911082132235,0.001782,0.006782
2022-11-01,0.010793911082132235,0.001507,0.006507
2022-11-02,0.010793911082132235,0.001507,0.006507
2022-11-03,0.010793911082132235,0.001783,0.006783
2022-11-04,0.010793911082132235,0.001511,0.006511
2022-11-05,0.010793911082132235,0.001133,0.006133
2022-11-06,0.010793911082132235,0.001508,0.006508
2022-11-07,0.010793911082132235,0.001784,0.006784
2022-11-08,0.010793911082132235,0.00179,0.00679
2022-11-09,0.010793911082132235,0.001792,0.006792
2022-11-10,0.010793911082132235,0.001787,0.006787
2022-11-11,0.010793911082132235,0.001441,0.006441
2022-11-12,0.010793911082132235,0.001164,0.006164
2022-11-13,0.010793911082132235,0.001441,0.006441
2022-11-14,0.010793911082132235,0.001819,0.006819
2022-11-15,0.010793911082132235,0.001818,0.006818
2022-11-16,0.010793911082132235,0.002095,0.007095
2022-11-17,0.010793911082132235,0.002112,0.007112
2022-11-18,0.010793911082132235,0.001825,0.006825
2022-11-19,0.010793911082132235,0.001438,0.006438
2022-11-20,0.010793911082132235,0.001816,0.006816
2022-11-21,0.010793911082132235,0.002093,0.007093
2022-11-22,0.010793911082132235,0.002093,0.007093
2022-11-23,0.010793911082132235,0.002093,0.007093
2022-11-24,0.010793911082132235,0.002092,0.007092
2022-11-25,0.010793911082132235,0.001812,0.006812
2022-11-26,0.010793911082132235,0.00144,0.00644
2022-11-27,0.010793911082132235,0.001818,0.006818
2022-11-28,0.010793911082132235,0.002095,0.007095
2022-11-29,0.010793911082132235,0.002094,0.007094
2022-11-30,0.010793911082132235,0.002088,0.007088
2022-12-01,0.010793911082132235,0.002072,0.007072
2022-12-02,0.010793911082132235,0.001797,0.006797
2022-12-03,0.010793911082132235,0.001791,0.006791
2022-12-04,0.010793911082132235,0.002066,0.007066
2022-12-05,0.010793911082132235,0.00244,0.00744
2022-12-06,0.010793911082132235,0.002438,0.007438
2022-12-07,0.010793911082132235,0.002443,0.007443
2022-12-08,0.010793911082132235,0.002114,0.007114
2022-12-09,0.010793911082132235,0.001769,0.006769
2022-12-10,0.010793911082132235,0.00178,0.00678
2022-12-11,0.010793911082132235,0.002055,0.007055
2022-12-12,0.010793911082132235,0.002428,0.007428
2022-12-13,0.010793911082132235,0.002425,0.007425
2022-12-14,0.010793911082132235,0.002415,0.007415
2022-12-15,0.010793911082132235,0.002146,0.007146
2022-12-16,0.010793911082132235,0.001763,0.006763
2022-12-17,0.010793911082132235,0.001792,0.006792
2022-12-18,0.010793911082132235,0.002069,0.007069
2022-12-19,0.010793911082132235,0.002443,0.007443
2022-12-20,0.010793911082132235,0.002415,0.007415
2022-12-21,0.010793911082132235,0.00241,0.00741
2022-12-22,0.010793911082132235,0.002138,0.007138
2022-12-23,0.010793911082132235,0.001761,0.006761
2022-12-24,0.010793911082132235,0.001773,0.006773
2022-12-25,0.010793911082132235,0.002145,0.007145
2022-12-26,0.010793911082132235,0.002418,0.007418
2022-12-27,0.010793911082132235,0.002406,0.007406
2022-12-28,0.010793911082132235,0.002394,0.007394
2022-12-29,0.010793911082132235,0.002123,0.007123
2022-12-30,0.010793911082132235,0.00175,0.00675
2022-12-31,0.010793911082132235,0.001709,0.006709
2023-01-01,0.010793911082132235,0.002081,0.007081
2023-01-02,0.010793911082132235,0.002353,0.007353
2023-01-03,0.010793911082132235,0.002409,0.007409
2023-01-04,0.010793911082132235,0.002362,0.007362
2023-01-05,0.010793911082132235,0.002085,0.007085
2023-01-06,0.010793911082132235,0.001715,0.006715
2023-01-07,0.010793911082132235,0.001767,0.006767
2023-01-08,0.010793911082132235,0.002141,0.007141
2023-01-09,0.010793911082132235,0.002416,0.007416
2023-01-10,0.010793911082132235,0.00237,0.00737
2023-01-11,0.010793911082132235,0.002412,0.007412
2023-01-12,0.010793911082132235,0.002146,0.007146
2023-01-13,0.010793911082132235,0.001783,0.006783
2023-01-14,0.010793911082132235,0.001786,0.006786
2023-01-15,0.010793911082132235,0.002063,0.007063
2023-01-16,0.010793911082132235,0.002438,0.007438
2023-01-17,0.010793911082132235,0.002414,0.007414
2023-01-18,0.010793911082132235,0.002426,0.007426
2023-01-19,0.010793911082132235,0.002143,0.007143
2023-01-20,0.010793911082132235,0.001763,0.006763
2023-01-21,0.010793911082132235,0.001488,0.006488
2023-01-22,0.010793911082132235,0.001488,0.006488
2023-01-23,0.010793911082132235,0.001763,0.006763
2023-01-24,0.010793911082132235,0.001765,0.006765
2023-01-25,0.010793911082132235,0.001749,0.006749
2023-01-26,0.010793911082132235,0.001453,0.006453
2023-01-27,0.010793911082132235,0.001079,0.006079
2023-01-28,0.010793911082132235,0.001112,0.006112
2023-01-29,0.010793911082132235,0.001487,0.006487
2023-01-30,0.010793911082132235,0.001487,0.006487
2023-01-31,0.010793911082132235,0.001101,0.006101
2023-02-01,0.010793911082132235,0.00083,0.00583
2023-02-02,0.010793911082132235,0.000844,0.005844
2023-02-03,0.010793911082132235,0.000828,0.005828
2023-02-04,0.010793911082132235,0.000831,0.005831
2023-02-05,0.010793911082132235,0.000831,0.005831
2023-02-06,0.010793911082132235,0.000831,0.005831
2023-02-07,0.010793911082132235,0.00083,0.00583
2023-02-08,0.010793911082132235,0.000827,0.005827
2023-02-09,0.010793911082132235,0.000824,0.005824
2023-02-10,0.010793911082132235,0.000825,0.005825
2023-02-11,0.010793911082132235,0.000833,0.005833
2023-02-12,0.010793911082132235,0.000833,0.005833
2023-02-13,0.010793911082132235,0.000833,0.005833
2023-02-14,0.010793911082132235,0.000826,0.005826
2023-02-15,0.010793911082132235,0.000819,0.005819
2023-02-16,0.010793911082132235,0.000821,0.005821
2023-02-17,0.010793911082132235,0.000821,0.005821
2023-02-18,0.010793911082132235,0.000821,0.005821
2023-02-19,0.010793911082132235,0.000821,0.005821
2023-02-20,0.010793911082132235,0.000821,0.005821
2023-02-21,0.010793911082132235,0.001094,0.006094
2023-02-22,0.010793911082132235,0.001467,0.006467
2023-02-23,0.010793911082132235,0.001474,0.006474
2023-02-24,0.010793911082132235,0.00147,0.00647
2023-02-25,0.010793911082132235,0.001467,0.006467
2023-02-26,0.010793911082132235,0.001467,0.006467
2023-02-27,0.010793911082132235,0.001467,0.006467
2023-02-28,0.010793911082132235,0.001468,0.006468
2023-03-01,0.010793911082132235,0.002392,0.007392
2023-03-02,0.010793911082132235,0.002118,0.007118
2023-03-03,0.010793911082132235,0.001743,0.006743
2023-03-04,0.010793911082132235,0.001742,0.006742
2023-03-05,0.010793911082132235,0.002114,0.007114
2023-03-06,0.010793911082132235,0.002388,0.007388
2023-03-07,0.010793911082132235,0.002381,0.007381
2023-03-08,0.010793911082132235,0.002087,0.007087
2023-03-09,0.010793911082132235,0.00172,0.00672
2023-03-10,0.010793911082132235,0.001474,0.006474
2023-03-11,0.010793911082132235,0.001445,0.006445
2023-03-12,0.010793911082132235,0.001718,0.006718
2023-03-13,0.010793911082132235,0.002089,0.007089
2023-03-14,0.010793911082132235,0.002064,0.007064
2023-03-15,0.010793911082132235,0.002088,0.007088
2023-03-16,0.010793911082132235,0.001715,0.006715
2023-03-17,0.010793911082132235,0.001445,0.006445
2023-03-18,0.010793911082132235,0.001438,0.006438
2023-03-19,0.010793911082132235,0.00171,0.00671
2023-03-20,0.010793911082132235,0.002082,0.007082
2023-03-21,0.010793911082132235,0.002089,0.007089
2023-03-22,0.010793911082132235,0.001712,0.006712
2023-03-23,0.010793911082132235,0.001454,0.006454
2023-03-24,0.010793911082132235,0.001076,0.006076
2023-03-25,0.010793911082132235,0.001078,0.006078
2023-03-26,0.010793911082132235,0.001451,0.006451
2023-03-27,0.010793911082132235,0.001724,0.006724
2023-03-28,0.010793911082132235,0.001733,0.006733
2023-03-29,0.010793911082132235,0.001743,0.006743
2023-03-30,0.010793911082132235,0.001466,0.006466
2023-03-31,0.010793911082132235,0.001093,0.006093
2023-04-01,0.010793911082132235,0.000821,0.005821
2023-04-02,0.010793911082132235,0.000821,0.005821
2023-04-03,0.010793911082132235,0.001094,0.006094
2023-04-04,0.010793911082132235,0.001097,0.006097
2023-04-05,0.010793911082132235,0.001106,0.006106
2023-04-06,0.010793911082132235,0.001107,0.006107
2023-04-07,0.010793911082132235,0.000835,0.005835
2023-04-08,0.010793911082132235,0.000835,0.005835
2023-04-09,0.010793911082132235,0.001108,0.006108
2023-04-10,0.010793911082132235,0.001482,0.006482
2023-04-11,0.010793911082132235,0.001483,0.006483
2023-04-12,0.010793911082132235,0.001483,0.006483
2023-04-13,0.010793911082132235,0.001483,0.006483
2023-04-14,0.010793911082132235,0.001111,0.006111
2023-04-15,0.010793911082132235,0.00084,0.00584
2023-04-16,0.010793911082132235,0.001114,0.006114
2023-04-17,0.010793911082132235,0.001488,0.006488
2023-04-18,0.010793911082132235,0.001492,0.006492
2023-04-19,0.010793911082132235,0.001492,0.006492
2023-04-20,0.010793911082132235,0.001491,0.006491
2023-04-21,0.010793911082132235,0.00112,0.00612
2023-04-22,0.010793911082132235,0.00112,0.00612
2023-04-23,0.010793911082132235,0.001494,0.006494
2023-04-24,0.010793911082132235,0.001769,0.006769
2023-04-25,0.010793911082132235,0.001758,0.006758
2023-04-26,0.010793911082132235,0.001765,0.006765
2023-04-27,0.010793911082132235,0.001768,0.006768
2023-04-28,0.010793911082132235,0.001496,0.006496
2023-04-29,0.010793911082132235,0.001122,0.006122
2023-04-30,0.010793911082132235,0.001497,0.006497
2023-05-01,0.010793911082132235,0.002147,0.007147
2023-05-02,0.010793911082132235,0.002423,0.007423
2023-05-03,0.010793911082132235,0.00243,0.00743
2023-05-04,0.010793911082132235,0.002054,0.007054
2023-05-05,0.010793911082132235,0.001779,0.006779
2023-05-06,0.010793911082132235,0.001778,0.006778
2023-05-07,0.010793911082132235,0.002055,0.007055
2023-05-08,0.010793911082132235,0.00243,0.00743
2023-05-09,0.010793911082132235,0.002056,0.007056
2023-05-10,0.010793911082132235,0.00206,0.00706
2023-05-11,0.010793911082132235,0.001785,0.006785
2023-05-12,0.010793911082132235,0.001517,0.006517
2023-05-13,0.010793911082132235,0.001514,0.006514
2023-05-14,0.010793911082132235,0.00179,0.00679
2023-05-15,0.010793911082132235,0.002068,0.007068
2023-05-16,0.010793911082132235,0.002069,0.007069
2023-05-17,0.010793911082132235,0.002072,0.007072
2023-05-18,0.010793911082132235,0.0018,0.0068
2023-05-19,0.010793911082132235,0.00142,0.00642
2023-05-20,0.010793911082132235,0.001515,0.006515
2023-05-21,0.010793911082132235,0.001791,0.006791
2023-05-22,0.010793911082132235,0.002068,0.007068
2023-05-23,0.010793911082132235,0.002078,0.007078
2023-05-24,0.010793911082132235,0.002081,0.007081
2023-05-25,0.010793911082132235,0.001802,0.006802
2023-05-26,0.010793911082132235,0.001516,0.006516
2023-05-27,0.010793911082132235,0.001422,0.006422
2023-05-28,0.010793911082132235,0.001799,0.006799
2023-05-29,0.010793911082132235,0.002076,0.007076
2023-05-30,0.010793911082132235,0.00208,0.00708
2023-05-31,0.010793911082132235,0.002075,0.007075
2023-06-01,0.010793911082132235,0.001799,0.006799
2023-06-02,0.010793911082132235,0.001427,0.006427
2023-06-03,0.010793911082132235,0.001152,0.006152
2023-06-04,0.010793911082132235,0.001518,0.006518
2023-06-05,0.010793911082132235,0.001784,0.006784
2023-06-06,0.010793911082132235,0.001775,0.006775
2023-06-07,0.010793911082132235,0.001765,0.006765
2023-06-08,0.010793911082132235,0.001742,0.006742
2023-06-09,0.010793911082132235,0.001742,0.006742
2023-06-10,0.010793911082132235,0.001468,0.006468
2023-06-11,0.010793911082132235,0.001733,0.006733
2023-06-12,0.010793911082132235,0.002097,0.007097
2023-06-13,0.010793911082132235,0.002081,0.007081
2023-06-14,0.010793911082132235,0.002057,0.007057
2023-06-15,0.010793911082132235,0.00205,0.00705
2023-06-16,0.010793911082132235,0.001666,0.006666
2023-06-17,0.010793911082132235,0.001403,0.006403
2023-06-18,0.010793911082132235,0.001666,0.006666
2023-06-19,0.010793911082132235,0.002028,0.007028
2023-06-20,0.010793911082132235,0.002013,0.007013
2023-06-21,0.010793911082132235,0.002003,0.007003
2023-06-22,0.010793911082132235,0.001978,0.006978
2023-06-23,0.010793911082132235,0.001718,0.006718
2023-06-24,0.010793911082132235,0.001337,0.006337
2023-06-25,0.010793911082132235,0.0017,0.0067
2023-06-26,0.010793911082132235,0.001964,0.006964
2023-06-27,0.010793911082132235,0.001934,0.006934
2023-06-28,0.010793911082132235,0.001921,0.006921
2023-06-29,0.010793911082132235,0.001881,0.006881
2023-06-30,0.010793911082132235,0.00159,0.00659
2023-07-01,0.010793911082132235,0.001581,0.006581
2023-07-02,0.010793911082132235,0.001842,0.006842
2023-07-03,0.010793911082132235,0.002202,0.007202
2023-07-04,0.010793911082132235,0.00215,0.00715
2023-07-05,0.010793911082132235,0.002176,0.007176
2023-07-06,0.010793911082132235,0.001923,0.006923
2023-07-07,0.010793911082132235,0.001553,0.006553
2023-07-08,0.010793911082132235,0.001551,0.006551
2023-07-09,0.010793911082132235,0.00191,0.00691
2023-07-10,0.010793911082132235,0.00217,0.00717
2023-07-11,0.010793911082132235,0.002185,0.007185
2023-07-12,0.010793911082132235,0.002175,0.007175
2023-07-13,0.010793911082132235,0.0019,0.0069
2023-07-14,0.010793911082132235,0.001599,0.006599
2023-07-15,0.010793911082132235,0.001611,0.006611
2023-07-16,0.010793911082132235,0.001873,0.006873
2023-07-17,0.010793911082132235,0.002236,0.007236
2023-07-18,0.010793911082132235,0.002234,0.007234
2023-07-19,0.010793911082132235,0.002236,0.007236
2023-07-20,0.010793911082132235,0.001864,0.006864
2023-07-21,0.010793911082132235,0.00158,0.00658
2023-07-22,0.010793911082132235,0.001578,0.006578
2023-07-23,0.010793911082132235,0.001938,0.006938
2023-07-24,0.010793911082132235,0.0022,0.0072
2023-07-25,0.010793911082132235,0.002176,0.007176
2023-07-26,0.010793911082132235,0.002159,0.007159
2023-07-27,0.010793911082132235,0.001896,0.006896
2023-07-28,0.010793911082132235,0.001549,0.006549
2023-07-29,0.010793911082132235,0.001529,0.006529
2023-07-30,0.010793911082132235,0.001886,0.006886
2023-07-31,0.010793911082132235,0.002144,0.007144
2023-08-01,0.010793911082132235,0.00216,0.00716
2023-08-02,0.010793911082132235,0.002168,0.007168
2023-08-03,0.010422908867375291,0.001795,0.006795
2023-08-04,0.010422908867375291,0.001508,0.006508
2023-08-05,0.010422908867375291,0.001451,0.006451
2023-08-06,0.010422908867375291,0.001806,0.006806
2023-08-07,0.010422908867375291,0.002062,0.007062
2023-08-08,0.010422908867375291,0.001796,0.006796
2023-08-09,0.010422908867375291,0.001796,0.006796
2023-08-10,0.010422908867375291,0.001441,0.006441
2023-08-11,0.010422908867375291,0.001182,0.006182
2023-08-12,0.010422908867375291,0.001184,0.006184
2023-08-13,0.010422908867375291,0.001437,0.006437
2023-08-14,0.010422908867375291,0.001791,0.006791
2023-08-15,0.010422908867375291,0.001789,0.006789
2023-08-16,0.010422908867375291,0.001786,0.006786
2023-08-17,0.010422908867375291,0.00143,0.00643
2023-08-18,0.010422908867375291,0.001176,0.006176
2023-08-19,0.010422908867375291,0.001172,0.006172
2023-08-20,0.010422908867375291,0.001425,0.006425
2023-08-21,0.010422908867375291,0.001778,0.006778
2023-08-22,0.010422908867375291,0.001776,0.006776
2023-08-23,0.010422908867375291,0.001769,0.006769
2023-08-24,0.010422908867375291,0.001514,0.006514
2023-08-25,0.010422908867375291,0.001158,0.006158
2023-08-26,0.010422908867375291,0.001154,0.006154
2023-08-27,0.010422908867375291,0.001506,0.006506
2023-08-28,0.010422908867375291,0.00176,0.00676
2023-08-29,0.010422908867375291,0.001754,0.006754
2023-08-30,0.010422908867375291,0.001738,0.006738
2023-08-31,0.010422908867375291,0.001484,0.006484
2023-09-01,0.010422908867375291,0.00113,0.00613
2023-09-02,0.010422908867375291,0.000884,0.005884
2023-09-03,0.010422908867375291,0.00111,0.00611
2023-09-04,0.010422908867375291,0.001436,0.006436
2023-09-05,0.010422908867375291,0.001397,0.006397
2023-09-06,0.010422908867375291,0.00136,0.00636
2023-09-07,0.010422908867375291,0.00133,0.00633
2023-09-08,0.010422908867375291,0.00133,0.00633
2023-09-09,0.010422908867375291,0.00107,0.00607
2023-09-10,0.010422908867375291,0.001296,0.006296
2023-09-11,0.010422908867375291,0.001622,0.006622
2023-09-12,0.010422908867375291,0.001603,0.006603
2023-09-13,0.010422908867375291,0.001252,0.006252
2023-09-14,0.010422908867375291,0.001302,0.006302
2023-09-15,0.010422908867375291,0.000952,0.005952
2023-09-16,0.010422908867375291,0.000591,0.005591
2023-09-17,0.010422908867375291,0.000917,0.005917
2023-09-18,0.010422908867375291,0.001242,0.006242
2023-09-19,0.010422908867375291,0.001208,0.006208
2023-09-20,0.010422908867375291,0.001171,0.006171
2023-09-21,0.010050402122422808,0.00115,0.00615
2023-09-22,0.010050402122422808,0.00081,0.00581
2023-09-23,0.010050402122422808,0.000562,0.005562
2023-09-24,0.010050402122422808,0.000788,0.005788
2023-09-25,0.010050402122422808,0.001112,0.006112
2023-09-26,0.010050402122422808,0.001102,0.006102
2023-09-27,0.010050402122422808,0.001076,0.006076
2023-09-28,0.010050402122422808,0.001042,0.006042
2023-09-29,0.010050402122422808,0.000807,0.005807
2023-09-30,0.010050402122422808,0.000504,0.005504
2023-10-01,0.010050402122422808,0.001056,0.006056
2023-10-02,0.010050402122422808,0.001381,0.006381
2023-10-03,0.010050402122422808,0.001059,0.006059
2023-10-04,0.010050402122422808,0.001053,0.006053
2023-10-05,0.010050402122422808,0.000841,0.005841
2023-10-06,0.010050402122422808,0.000518,0.005518
2023-10-07,0.010050402122422808,0.000528,0.005528
2023-10-08,0.010050402122422808,0.000854,0.005854
2023-10-09,0.010050402122422808,0.001082,0.006082
2023-10-10,0.010050402122422808,0.001071,0.006071
2023-10-11,0.010050402122422808,0.001081,0.006081
2023-10-12,0.010050402122422808,0.000854,0.005854
2023-10-13,0.010050402122422808,0.000854,0.005854
2023-10-14,0.010050402122422808,0.000839,0.005839
2023-10-15,0.010050402122422808,0.001065,0.006065
2023-10-16,0.010050402122422808,0.001065,0.006065
2023-10-17,0.010050402122422808,0.001069,0.006069
2023-10-18,0.010050402122422808,0.001065,0.006065
2023-10-19,0.010050402122422808,0.000841,0.005841
2023-10-20,0.010050402122422808,0.0005,0.0055
2023-10-21,0.010050402122422808,0.000497,0.005497
2023-10-22,0.010050402122422808,0.000822,0.005822
2023-10-23,0.010050402122422808,0.001048,0.006048
2023-10-24,0.010050402122422808,0.001045,0.006045
2023-10-25,0.010050402122422808,0.001041,0.006041
2023-10-26,0.010050402122422808,0.000811,0.005811
2023-10-27,0.010050402122422808,0.000476,0.005476
2023-10-28,0.010050402122422808,0.000471,0.005471
2023-10-29,0.010050402122422808,0.000795,0.005795
2023-10-30,0.010050402122422808,0.001019,0.006019
2023-10-31,0.010050402122422808,0.00108,0.00608
2023-11-01,0.010050402122422808,0.000775,0.005775
2023-11-02,0.009676378033213417,0.000749,0.005749
2023-11-03,0.009676378033213417,0.000749,0.005749
2023-11-04,0.009676378033213417,0.000424,0.005424
2023-11-05,0.009676378033213417,0.000745,0.005745
2023-11-06,0.009676378033213417,0.001067,0.006067
2023-11-07,0.009676378033213417,0.001066,0.006066
2023-11-08,0.009676378033213417,0.001068,0.006068
2023-11-09,0.009676378033213417,0.001067,0.006067
2023-11-10,0.009676378033213417,0.000745,0.005745
2023-11-11,0.009676378033213417,0.000422,0.005422
2023-11-12,0.009676378033213417,0.000743,0.005743
2023-11-13,0.009676378033213417,0.001066,0.006066
2023-11-14,0.009676378033213417,0.001064,0.006064
2023-11-15,0.009676378033213417,0.001062,0.006062
2023-11-16,0.009676378033213417,0.001284,0.006284
2023-11-17,0.009676378033213417,0.001056,0.006056
2023-11-18,0.009676378033213417,0.000731,0.005731
2023-11-19,0.009676378033213417,0.001052,0.006052
2023-11-20,0.009676378033213417,0.001274,0.006274
2023-11-21,0.009676378033213417,0.001277,0.006277
2023-11-22,0.009676378033213417,0.00128,0.00628
2023-11-23,0.009676378033213417,0.001281,0.006281
2023-11-24,0.009676378033213417,0.001057,0.006057
2023-11-25,0.009676378033213417,0.000726,0.005726
2023-11-26,0.009676378033213417,0.000726,0.005726
2023-11-27,0.009676378033213417,0.001048,0.006048
2023-11-28,0.009676378033213417,0.00103,0.00603
2023-11-29,0.009676378033213417,0.001031,0.006031
2023-11-30,0.009676378033213417,0.001017,0.006017
2023-12-01,0.009676378033213417,0.00069,0.00569
2023-12-02,0.009676378033213417,0.000455,0.005455
2023-12-03,0.009676378033213417,0.000643,0.005643
2023-12-04,0.009676378033213417,0.000932,0.005932
2023-12-05,0.009676378033213417,0.00091,0.00591
2023-12-06,0.009676378033213417,0.000865,0.005865
2023-12-07,0.009676378033213417,0.000627,0.005627
2023-12-08,0.009676378033213417,0.000289,0.005289
2023-12-09,0.009676378033213417,0.00025,0.00525
2023-12-10,0.009676378033213417,0.000539,0.005539
2023-12-11,0.009676378033213417,0.000828,0.005828
2023-12-12,0.009676378033213417,0.000789,0.005789
2023-12-13,0.009676378033213417,0.000766,0.005766
2023-12-14,0.009300823618865417,0.000441,0.005441
2023-12-15,0.009300823618865417,0.000218,0.005218
2023-12-16,0.009300823618865417,0.000174,0.005174
2023-12-17,0.009300823618865417,0.000461,0.005461
2023-12-18,0.009300823618865417,0.000746,0.005746
2023-12-19,0.009300823618865417,0.000723,0.005723
2023-12-20,0.009300823618865417,0.000668,0.005668
2023-12-21,0.009300823618865417,0.000464,0.005464
2023-12-22,0.009300823618865417,0.000161,0.005161
2023-12-23,0.009300823618865417,0.000248,0.005248
2023-12-24,0.009300823618865417,0.000441,0.005441
2023-12-25,0.009300823618865417,0.000732,0.005732
2023-12-26,0.009300823618865417,0.001025,0.006025
2023-12-27,0.009300823618865417,0.000957,0.005957
2023-12-28,0.009300823618865417,0.000629,0.005629
2023-12-29,0.009300823618865417,0.000437,0.005437
2023-12-30,0.009300823618865417,0.000398,0.005398
2023-12-31,0.009300823618865417,0.000686,0.005686
2024-01-01,0.009300823618865417,0.000875,0.005875
2024-01-02,0.009300823618865417,0.001164,0.006164
2024-01-03,0.009300823618865417,0.001165,0.006165
2024-01-04,0.009300823618865417,0.000912,0.005912
2024-01-05,0.009300823618865417,0.00066,0.00566
2024-01-06,0.009300823618865417,0.000678,0.005678
2024-01-07,0.009300823618865417,0.000972,0.005972
2024-01-08,0.009300823618865417,0.001265,0.006265
2024-01-09,0.009300823618865417,0.001246,0.006246
2024-01-10,0.009300823618865417,0.00125,0.00625
2024-01-11,0.009300823618865417,0.000934,0.005934
2024-01-12,0.009300823618865417,0.000706,0.005706
2024-01-13,0.009300823618865417,0.000427,0.005427
2024-01-14,0.009300823618865417,0.000427,0.005427
2024-01-15,0.009300823618865417,0.000717,0.005717
2024-01-16,0.009300823618865417,0.000713,0.005713
2024-01-17,0.009300823618865417,0.000689,0.005689
2024-01-18,0.009300823618865417,0.000415,0.005415
2024-01-19,0.009300823618865417,0.000099,0.005099
2024-01-20,0.009300823618865417,0.000089,0.005089
2024-01-21,0.009300823618865417,0.000377,0.005377
2024-01-22,0.009300823618865417,0.000665,0.005665
2024-01-23,0.009300823618865417,0.000656,0.005656
2024-01-24,0.009300823618865417,0.000663,0.005663
2024-01-25,0.009300823618865417,0.000376,0.005376
2024-01-26,0.009300823618865417,0.000107,0.005107
2024-01-27,0.009300823618865417,0.000121,0.005121
2024-01-28,0.009300823618865417,0.00041,0.00541
2024-01-29,0.009300823618865417,0.0007,0.0057
2024-01-30,0.009300823618865417,0.000655,0.005655
2024-01-31,0.009300823618865417,0.000388,0.005388
2024-02-01,0.008923725728747778,0.000079,0.005079
2024-02-02,0.008923725728747778,0.000083,0.005083
2024-02-03,0.008923725728747778,0.0000,0.0050
2024-02-04,0.008923725728747778,0.0000,0.0050
2024-02-05,0.008923725728747778,0.00009,0.00509
2024-02-06,0.008923725728747778,0.00009,0.00509
2024-02-07,0.008923725728747778,0.000087,0.005087
2024-02-08,0.008923725728747778,0.000082,0.005082
2024-02-09,0.008923725728747778,0.000079,0.005079
2024-02-10,0.008923725728747778,0.0000,0.0050
2024-02-11,0.008923725728747778,0.0000,0.0050
2024-02-12,0.008923725728747778,0.000084,0.005084
2024-02-13,0.008923725728747778,0.000372,0.005372
2024-02-14,0.008923725728747778,0.00066,0.00566
2024-02-15,0.008923725728747778,0.000665,0.005665
2024-02-16,0.008923725728747778,0.000661,0.005661
2024-02-17,0.008923725728747778,0.000364,0.005364
2024-02-18,0.008923725728747778,0.000364,0.005364
2024-02-19,0.008923725728747778,0.000652,0.005652
2024-02-20,0.008923725728747778,0.000665,0.005665
2024-02-21,0.008923725728747778,0.000648,0.005648
2024-02-22,0.008923725728747778,0.000651,0.005651
2024-02-23,0.008923725728747778,0.000635,0.005635
2024-02-24,0.008923725728747778,0.00034,0.00534
2024-02-25,0.008923725728747778,0.00034,0.00534
2024-02-26,0.008923725728747778,0.000627,0.005627
2024-02-27,0.008923725728747778,0.000623,0.005623
2024-02-28,0.008923725728747778,0.000612,0.005612
2024-02-29,0.008923725728747778,0.00062,0.00562
2024-03-01,0.008923725728747778,0.000331,0.005331
2024-03-02,0.008923725728747778,0.0003,0.0053
2024-03-03,0.008923725728747778,0.000562,0.005562
2024-03-04,0.008923725728747778,0.000824,0.005824
2024-03-05,0.008923725728747778,0.000812,0.005812
2024-03-06,0.008923725728747778,0.00078,0.00578
2024-03-07,0.008923725728747778,0.000473,0.005473
2024-03-08,0.008923725728747778,0.000196,0.005196
2024-03-09,0.008923725728747778,0.000548,0.005548
2024-03-10,0.008923725728747778,0.000805,0.005805
2024-03-11,0.008923725728747778,0.001062,0.006062
2024-03-12,0.008923725728747778,0.00113,0.00613
2024-03-13,0.008923725728747778,0.0011,0.0061
2024-03-14,0.008923725728747778,0.000821,0.005821
2024-03-15,0.008923725728747778,0.000519,0.005519
2024-03-16,0.008923725728747778,0.000501,0.005501
2024-03-17,0.008923725728747778,0.000759,0.005759
2024-03-18,0.008923725728747778,0.001017,0.006017
2024-03-19,0.008923725728747778,0.000985,0.005985
2024-03-20,0.008923725728747778,0.000935,0.005935
2024-03-21,0.008545071039486096,0.000628,0.005628
2024-03-22,0.008545071039486096,0.00034,0.00534
2024-03-23,0.008545071039486096,0.000514,0.005514
2024-03-24,0.008545071039486096,0.000869,0.005869
2024-03-25,0.008545071039486096,0.001125,0.006125
2024-03-26,0.008545071039486096,0.0011,0.0061
2024-03-27,0.008545071039486096,0.001061,0.006061
2024-03-28,0.008545071039486096,0.000785,0.005785
2024-03-29,0.008545071039486096,0.000515,0.005515
2024-03-30,0.008545071039486096,0.000769,0.005769
2024-03-31,0.008545071039486096,0.001023,0.006023
2024-04-01,0.008545071039486096,0.001023,0.006023
2024-04-02,0.008545071039486096,0.000857,0.005857
2024-04-03,0.008545071039486096,0.00085,0.00585
2024-04-04,0.008545071039486096,0.000807,0.005807
2024-04-05,0.008545071039486096,0.000462,0.005462
2024-04-06,0.008545071039486096,0.000227,0.005227
2024-04-07,0.008545071039486096,0.000486,0.005486
2024-04-08,0.008545071039486096,0.000843,0.005843
2024-04-09,0.008545071039486096,0.00084,0.00584
2024-04-10,0.008545071039486096,0.000836,0.005836
2024-04-11,0.008545071039486096,0.000808,0.005808
2024-04-12,0.008545071039486096,0.000569,0.005569
2024-04-13,0.008545071039486096,0.000211,0.005211
2024-04-14,0.008545071039486096,0.000567,0.005567
2024-04-15,0.008545071039486096,0.000824,0.005824
2024-04-16,0.008545071039486096,0.000844,0.005844
2024-04-17,0.008545071039486096,0.000599,0.005599
2024-04-18,0.008545071039486096,0.000672,0.005672
2024-04-19,0.008545071039486096,0.000362,0.005362
2024-04-20,0.008545071039486096,0.000101,0.005101
2024-04-21,0.008545071039486096,0.000363,0.005363
2024-04-22,0.008545071039486096,0.000626,0.005626
2024-04-23,0.008545071039486096,0.000605,0.005605
2024-04-24,0.008545071039486096,0.000627,0.005627
2024-04-25,0.008545071039486096,0.000621,0.005621
2024-04-26,0.008545071039486096,0.000365,0.005365
2024-04-27,0.008545071039486096,0.000088,0.005088
2024-04-28,0.008545071039486096,0.00035,0.00535
2024-04-29,0.008545071039486096,0.000611,0.005611
2024-04-30,0.008545071039486096,0.00059,0.00559
2024-05-01,0.008545071039486096,0.00087,0.00587
2024-05-02,0.008545071039486096,0.00087,0.00587
2024-05-03,0.008545071039486096,0.000521,0.005521
2024-05-04,0.008545071039486096,0.000487,0.005487
2024-05-05,0.008545071039486096,0.000844,0.005844
2024-05-06,0.008545071039486096,0.001103,0.006103
2024-05-07,0.008545071039486096,0.001082,0.006082
2024-05-08,0.008545071039486096,0.00106,0.00606
2024-05-09,0.008355155683635207,0.000834,0.005834
2024-05-10,0.008355155683635207,0.000488,0.005488
2024-05-11,0.008355155683635207,0.000342,0.005342
2024-05-12,0.008355155683635207,0.000604,0.005604
2024-05-13,0.008355155683635207,0.000865,0.005865
2024-05-14,0.008355155683635207,0.000885,0.005885
2024-05-15,0.008355155683635207,0.001143,0.006143
2024-05-16,0.008355155683635207,0.000643,0.005643
2024-05-17,0.008355155683635207,0.000385,0.005385
2024-05-18,0.008355155683635207,0.000382,0.005382
2024-05-19,0.008355155683635207,0.000646,0.005646
2024-05-20,0.008355155683635207,0.000911,0.005911
2024-05-21,0.008355155683635207,0.000921,0.005921
2024-05-22,0.008355155683635207,0.000904,0.005904
2024-05-23,0.008355155683635207,0.00064,0.00564
2024-05-24,0.008355155683635207,0.000394,0.005394
2024-05-25,0.008355155683635207,0.000416,0.005416
2024-05-26,0.008355155683635207,0.000682,0.005682
2024-05-27,0.008355155683635207,0.000947,0.005947
2024-05-28,0.008355155683635207,0.000909,0.005909
2024-05-29,0.008355155683635207,0.000892,0.005892
2024-05-30,0.008355155683635207,0.000631,0.005631
2024-05-31,0.008355155683635207,0.000631,0.005631
2024-06-01,0.008355155683635207,0.000365,0.005365
2024-06-02,0.008355155683635207,0.000626,0.005626
2024-06-03,0.008355155683635207,0.000887,0.005887
2024-06-04,0.008355155683635207,0.000857,0.005857
2024-06-05,0.008355155683635207,0.000849,0.005849
2024-06-06,0.008355155683635207,0.001133,0.006133
2024-06-07,0.008355155683635207,0.000603,0.005603
2024-06-08,0.008355155683635207,0.000391,0.005391
2024-06-09,0.008355155683635207,0.000655,0.005655
2024-06-10,0.008355155683635207,0.00092,0.00592
2024-06-11,0.008355155683635207,0.000883,0.005883
2024-06-12,0.008355155683635207,0.000963,0.005963
2024-06-13,0.008355155683635207,0.000945,0.005945
2024-06-14,0.008355155683635207,0.000676,0.005676
2024-06-15,0.008355155683635207,0.000399,0.005399
2024-06-16,0.008355155683635207,0.00066,0.00566
2024-06-17,0.008355155683635207,0.000922,0.005922
2024-06-18,0.008355155683635207,0.00092,0.00592
2024-06-19,0.008355155683635207,0.000936,0.005936
2024-06-20,0.008355155683635207,0.000956,0.005956
2024-06-21,0.008355155683635207,0.000653,0.005653
2024-06-22,0.008355155683635207,0.000389,0.005389
2024-06-23,0.008355155683635207,0.000652,0.005652
2024-06-24,0.008355155683635207,0.000915,0.005915
2024-06-25,0.008355155683635207,0.000894,0.005894
2024-06-26,0.008355155683635207,0.000906,0.005906
2024-06-27,0.008355155683635207,0.000916,0.005916
2024-06-28,0.008355155683635207,0.000686,0.005686
2024-06-29,0.008355155683635207,0.000399,0.005399
2024-06-30,0.008355155683635207,0.000664,0.005664
2024-07-01,0.008355155683635207,0.000739,0.005739
2024-07-02,0.008355155683635207,0.00074,0.00574
2024-07-03,0.008355155683635207,0.000742,0.005742
2024-07-04,0.008355155683635207,0.000703,0.005703
2024-07-05,0.008355155683635207,0.000669,0.005669
2024-07-06,0.008355155683635207,0.000668,0.005668
2024-07-07,0.008355155683635207,0.000705,0.005705
2024-07-08,0.008355155683635207,0.000742,0.005742
2024-07-09,0.008355155683635207,0.000744,0.005744
2024-07-10,0.008355155683635207,0.000748,0.005748
2024-07-11,0.008355155683635207,0.000707,0.005707
2024-07-12,0.008355155683635207,0.00067,0.00567
2024-07-13,0.008355155683635207,0.00067,0.00567
2024-07-14,0.008355155683635207,0.000707,0.005707
2024-07-15,0.008355155683635207,0.000744,0.005744
2024-07-16,0.008355155683635207,0.000744,0.005744
2024-07-17,0.008355155683635207,0.000745,0.005745
2024-07-18,0.008355155683635207,0.000709,0.005709
2024-07-19,0.008355155683635207,0.000671,0.005671
2024-07-20,0.008355155683635207,0.000671,0.005671
2024-07-21,0.008355155683635207,0.000708,0.005708
2024-07-22,0.008355155683635207,0.000745,0.005745
2024-07-23,0.008355155683635207,0.000745,0.005745
2024-07-24,0.008355155683635207,0.000754,0.005754
2024-07-25,0.008355155683635207,0.00071,0.00571
2024-07-26,0.008355155683635207,0.000673,0.005673
2024-07-27,0.008355155683635207,0.000671,0.005671
2024-07-28,0.008355155683635207,0.000708,0.005708
2024-07-29,0.008355155683635207,0.000745,0.005745
2024-07-30,0.008355155683635207,0.000744,0.005744
2024-07-31,0.008355155683635207,0.000743,0.005743
2024-08-01,0.008355155683635207,0.000707,0.005707
2024-08-02,0.008355155683635207,0.000668,0.005668
2024-08-03,0.008355155683635207,0.000668,0.005668
2024-08-04,0.008355155683635207,0.000705,0.005705
2024-08-05,0.008355155683635207,0.000742,0.005742
2024-08-06,0.008355155683635207,0.000742,0.005742
2024-08-07,0.008355155683635207,0.000743,0.005743
2024-08-08,0.008355155683635207,0.000706,0.005706
2024-08-09,0.008355155683635207,0.000671,0.005671
2024-08-10,0.008355155683635207,0.00067,0.00567
2024-08-11,0.008355155683635207,0.000707,0.005707
2024-08-12,0.008355155683635207,0.000744,0.005744
2024-08-13,0.008355155683635207,0.000744,0.005744
2024-08-14,0.008355155683635207,0.000744,0.005744
2024-08-15,0.008355155683635207,0.000708,0.005708
2024-08-16,0.008355155683635207,0.000672,0.005672
2024-08-17,0.008355155683635207,0.000673,0.005673
2024-08-18,0.008355155683635207,0.00071,0.00571
2024-08-19,0.008355155683635207,0.000759,0.005759
2024-08-20,0.008355155683635207,0.000751,0.005751
2024-08-21,0.008355155683635207,0.000745,0.005745
2024-08-22,0.008355155683635207,0.000708,0.005708
2024-08-23,0.008355155683635207,0.000672,0.005672
2024-08-24,0.008355155683635207,0.000672,0.005672
2024-08-25,0.008355155683635207,0.000709,0.005709
2024-08-26,0.008355155683635207,0.000755,0.005755
2024-08-27,0.008355155683635207,0.000763,0.005763
2024-08-28,0.008355155683635207,0.00077,0.00577
2024-08-29,0.008355155683635207,0.000714,0.005714
2024-08-30,0.008355155683635207,0.000676,0.005676
2024-08-31,0.008355155683635207,0.000675,0.005675
2024-09-01,0.008355155683635207,0.000675,0.005675
2024-09-02,0.008355155683635207,0.000714,0.005714
2024-09-03,0.008355155683635207,0.000718,0.005718
2024-09-04,0.008355155683635207,0.000718,0.005718
2024-09-05,0.008355155683635207,0.000718,0.005718
2024-09-06,0.008355155683635207,0.000682,0.005682
2024-09-07,0.008355155683635207,0.000645,0.005645
2024-09-08,0.008355155683635207,0.000684,0.005684
2024-09-09,0.008355155683635207,0.000722,0.005722
2024-09-10,0.008355155683635207,0.000724,0.005724
2024-09-11,0.008355155683635207,0.000726,0.005726
2024-09-12,0.008355155683635207,0.00073,0.00573
2024-09-13,0.008355155683635207,0.000693,0.005693
2024-09-14,0.008355155683635207,0.000656,0.005656
2024-09-15,0.008355155683635207,0.000694,0.005694
2024-09-16,0.008355155683635207,0.000733,0.005733
2024-09-17,0.008355155683635207,0.000734,0.005734
2024-09-18,0.008355155683635207,0.000737,0.005737
2024-09-19,0.008545071039486096,0.000738,0.005738
2024-09-20,0.008545071039486096,0.000703,0.005703
2024-09-21,0.008545071039486096,0.000665,0.005665
2024-09-22,0.008545071039486096,0.000704,0.005704
2024-09-23,0.008545071039486096,0.000743,0.005743
2024-09-24,0.008545071039486096,0.000741,0.005741
2024-09-25,0.008545071039486096,0.000738,0.005738
2024-09-26,0.008545071039486096,0.000739,0.005739
2024-09-27,0.008545071039486096,0.0007,0.0057
2024-09-28,0.008545071039486096,0.000664,0.005664
2024-09-29,0.008545071039486096,0.000702,0.005702
2024-09-30,0.008545071039486096,0.000741,0.005741
2024-10-01,0.008545071039486096,0.000977,0.005977
2024-10-02,0.008545071039486096,0.000993,0.005993
2024-10-03,0.008545071039486096,0.000756,0.005756
2024-10-04,0.008545071039486096,0.00071,0.00571
2024-10-05,0.008545071039486096,0.000712,0.005712
2024-10-06,0.008545071039486096,0.000786,0.005786
2024-10-07,0.008545071039486096,0.001049,0.006049
2024-10-08,0.008545071039486096,0.001059,0.006059
2024-10-09,0.008545071039486096,0.001078,0.006078
2024-10-10,0.008545071039486096,0.000812,0.005812
2024-10-11,0.008545071039486096,0.000716,0.005716
2024-10-12,0.008545071039486096,0.000718,0.005718
2024-10-13,0.008545071039486096,0.000831,0.005831
2024-10-14,0.008545071039486096,0.001095,0.006095
2024-10-15,0.008545071039486096,0.001076,0.006076
2024-10-16,0.008545071039486096,0.000833,0.005833
2024-10-17,0.008545071039486096,0.000709,0.005709
2024-10-18,0.008545071039486096,0.000683,0.005683
2024-10-19,0.008545071039486096,0.000684,0.005684
2024-10-20,0.008545071039486096,0.000723,0.005723
2024-10-21,0.008545071039486096,0.000723,0.005723
2024-10-22,0.008545071039486096,0.000724,0.005724
2024-10-23,0.008545071039486096,0.000725,0.005725
2024-10-24,0.008545071039486096,0.000686,0.005686
2024-10-25,0.008545071039486096,0.000646,0.005646
2024-10-26,0.008545071039486096,0.000645,0.005645
2024-10-27,0.008545071039486096,0.000685,0.005685
2024-10-28,0.008545071039486096,0.000725,0.005725
2024-10-29,0.008545071039486096,0.000728,0.005728
2024-10-30,0.008545071039486096,0.000729,0.005729
2024-10-31,0.008545071039486096,0.000689,0.005689
2024-11-01,0.008545071039486096,0.000649,0.005649
2024-11-02,0.008545071039486096,0.000482,0.005482
2024-11-03,0.008545071039486096,0.000651,0.005651
2024-11-04,0.008545071039486096,0.000691,0.005691
2024-11-05,0.008545071039486096,0.000691,0.005691
2024-11-06,0.008545071039486096,0.000694,0.005694
2024-11-07,0.008923725728747778,0.000696,0.005696
2024-11-08,0.008923725728747778,0.000657,0.005657
2024-11-09,0.008923725728747778,0.000528,0.005528
2024-11-10,0.008923725728747778,0.000658,0.005658
2024-11-11,0.008923725728747778,0.000698,0.005698
2024-11-12,0.008923725728747778,0.000705,0.005705
2024-11-13,0.008923725728747778,0.000698,0.005698
2024-11-14,0.008923725728747778,0.000699,0.005699
2024-11-15,0.008923725728747778,0.00066,0.00566
2024-11-16,0.008923725728747778,0.00066,0.00566
2024-11-17,0.008923725728747778,0.0007,0.0057
2024-11-18,0.008923725728747778,0.00074,0.00574
2024-11-19,0.008923725728747778,0.000742,0.005742
2024-11-20,0.008923725728747778,0.000742,0.005742
2024-11-21,0.008923725728747778,0.000999,0.005999
2024-11-22,0.008923725728747778,0.000744,0.005744
2024-11-23,0.008923725728747778,0.00071,0.00571
2024-11-24,0.008923725728747778,0.000788,0.005788
2024-11-25,0.008923725728747778,0.001063,0.006063
2024-11-26,0.008923725728747778,0.000752,0.005752
2024-11-27,0.008923725728747778,0.000798,0.005798
2024-11-28,0.008923725728747778,0.000752,0.005752
2024-11-29,0.008923725728747778,0.000708,0.005708
2024-11-30,0.008923725728747778,0.000674,0.005674
2024-12-01,0.008923725728747778,0.000822,0.005822
2024-12-02,0.008923725728747778,0.000822,0.005822
2024-12-03,0.008923725728747778,0.000843,0.005843
2024-12-04,0.008923725728747778,0.000875,0.005875
2024-12-05,0.008923725728747778,0.000728,0.005728
2024-12-06,0.008923725728747778,0.000688,0.005688
2024-12-07,0.008923725728747778,0.0007,0.0057
2024-12-08,0.008923725728747778,0.000745,0.005745
2024-12-09,0.008923725728747778,0.001046,0.006046
2024-12-10,0.008923725728747778,0.001073,0.006073
2024-12-11,0.008923725728747778,0.001086,0.006086
2024-12-12,0.009676378033213417,0.000831,0.005831
2024-12-13,0.009676378033213417,0.000727,0.005727
2024-12-14,0.009676378033213417,0.00073,0.00573
2024-12-15,0.009676378033213417,0.000953,0.005953
2024-12-16,0.009676378033213417,0.00126,0.00626
2024-12-17,0.009676378033213417,0.001285,0.006285
2024-12-18,0.009676378033213417,0.001289,0.006289
2024-12-19,0.009676378033213417,0.001039,0.006039
2024-12-20,0.009676378033213417,0.000809,0.005809
2024-12-21,0.009676378033213417,0.0008,0.0058
2024-12-22,0.009676378033213417,0.001111,0.006111
2024-12-23,0.009676378033213417,0.001423,0.006423
2024-12-24,0.009676378033213417,0.001429,0.006429
2024-12-25,0.009676378033213417,0.001418,0.006418
2024-12-26,0.009676378033213417,0.001418,0.006418
2024-12-27,0.009676378033213417,0.001169,0.006169
2024-12-28,0.009676378033213417,0.001154,0.006154
2024-12-29,0.009676378033213417,0.001463,0.006463
2024-12-30,0.009676378033213417,0.00169,0.00669
2024-12-31,0.009676378033213417,0.00169,0.00669
2025-01-01,0.009676378033213417,0.00169,0.00669
2025-01-02,0.009676378033213417,0.00169,0.00669
2025-01-03,0.009676378033213417,0.001463,0.006463
2025-01-04,0.009676378033213417,0.001463,0.006463
2025-01-05,0.009676378033213417,0.00169,0.00669
2025-01-06,0.009676378033213417,0.001708,0.006708
2025-01-07,0.009676378033213417,0.001709,0.006709
2025-01-08,0.009676378033213417,0.00171,0.00671
2025-01-09,0.009676378033213417,0.001692,0.006692
2025-01-10,0.009676378033213417,0.001486,0.006486
2025-01-11,0.009676378033213417,0.00149,0.00649
2025-01-12,0.009676378033213417,0.001692,0.006692
2025-01-13,0.009676378033213417,0.001709,0.006709
2025-01-14,0.009676378033213417,0.001709,0.006709
2025-01-15,0.009676378033213417,0.00171,0.00671
2025-01-16,0.009676378033213417,0.001692,0.006692
2025-01-17,0.009676378033213417,0.001504,0.006504
2025-01-18,0.009676378033213417,0.001523,0.006523
2025-01-19,0.009676378033213417,0.001694,0.006694
2025-01-20,0.009676378033213417,0.001711,0.006711
2025-01-21,0.009676378033213417,0.001712,0.006712
2025-01-22,0.009676378033213417,0.001712,0.006712
2025-01-23,0.009676378033213417,0.001695,0.006695
2025-01-24,0.009676378033213417,0.001554,0.006554
2025-01-25,0.009676378033213417,0.001577,0.006577
2025-01-26,0.009676378033213417,0.001697,0.006697
2025-01-27,0.009676378033213417,0.001715,0.006715
2025-01-28,0.009676378033213417,0.001714,0.006714
2025-01-29,0.009676378033213417,0.001716,0.006716
2025-01-30,0.010422908867375291,0.0017,0.0067
2025-01-31,0.010422908867375291,0.00163,0.00663
2025-02-01,0.010422908867375291,0.001324,0.006324
2025-02-02,0.010422908867375291,0.001324,0.006324
2025-02-03,0.010422908867375291,0.001324,0.006324
2025-02-04,0.010422908867375291,0.001005,0.006005
2025-02-05,0.010422908867375291,0.000732,0.005732
2025-02-06,0.010422908867375291,0.000738,0.005738
2025-02-07,0.010422908867375291,0.000737,0.005737
2025-02-08,0.010422908867375291,0.000739,0.005739
2025-02-09,0.010422908867375291,0.000739,0.005739
2025-02-10,0.010422908867375291,0.000739,0.005739
2025-02-11,0.010422908867375291,0.000738,0.005738
2025-02-12,0.010422908867375291,0.00074,0.00574
2025-02-13,0.010422908867375291,0.00074,0.00574
2025-02-14,0.010422908867375291,0.000739,0.005739
2025-02-15,0.010422908867375291,0.000741,0.005741
2025-02-16,0.010422908867375291,0.000741,0.005741
2025-02-17,0.010422908867375291,0.000741,0.005741
2025-02-18,0.010422908867375291,0.000742,0.005742
2025-02-19,0.010422908867375291,0.000741,0.005741
2025-02-20,0.010422908867375291,0.001082,0.006082
2025-02-21,0.010422908867375291,0.000743,0.005743
2025-02-22,0.010422908867375291,0.000744,0.005744
2025-02-23,0.010422908867375291,0.000744,0.005744
2025-02-24,0.010422908867375291,0.000744,0.005744
2025-02-25,0.010422908867375291,0.000744,0.005744
2025-02-26,0.010422908867375291,0.00075,0.00575
2025-02-27,0.010422908867375291,0.000757,0.005757
2025-02-28,0.010422908867375291,0.000769,0.005769
2025-03-01,0.010422908867375291,0.001092,0.006092
2025-03-02,0.010422908867375291,0.00143,0.00643
2025-03-03,0.010422908867375291,0.00169,0.00669
2025-03-04,0.010422908867375291,0.001709,0.006709
2025-03-05,0.010422908867375291,0.001728,0.006728
2025-03-06,0.010422908867375291,0.001711,0.006711
2025-03-07,0.010422908867375291,0.001693,0.006693
2025-03-08,0.010422908867375291,0.001694,0.006694
2025-03-09,0.010422908867375291,0.001713,0.006713
2025-03-10,0.010422908867375291,0.001732,0.006732
2025-03-11,0.010422908867375291,0.001734,0.006734
2025-03-12,0.010422908867375291,0.001735,0.006735
2025-03-13,0.010422908867375291,0.001717,0.006717
2025-03-14,0.010422908867375291,0.0017,0.0067
2025-03-15,0.010422908867375291,0.0017,0.0067
2025-03-16,0.010422908867375291,0.001719,0.006719
2025-03-17,0.010422908867375291,0.001738,0.006738
2025-03-18,0.010422908867375291,0.001739,0.006739
2025-03-19,0.010422908867375291,0.001722,0.006722
2025-03-20,0.011163421416801933,0.001705,0.006705
2025-03-21,0.011163421416801933,0.001688,0.006688
2025-03-22,0.011163421416801933,0.001406,0.006406
2025-03-23,0.011163421416801933,0.001689,0.006689
2025-03-24,0.011163421416801933,0.001708,0.006708
2025-03-25,0.011163421416801933,0.001707,0.006707
2025-03-26,0.011163421416801933,0.001709,0.006709
2025-03-27,0.011163421416801933,0.00169,0.00669
2025-03-28,0.011163421416801933,0.001422,0.006422
2025-03-29,0.011163421416801933,0.001409,0.006409
2025-03-30,0.011163421416801933,0.001689,0.006689
2025-03-31,0.011163421416801933,0.001708,0.006708
2025-04-01,0.011163421416801933,0.001689,0.006689
2025-04-02,0.011163421416801933,0.001409,0.006409
2025-04-03,0.011163421416801933,0.001441,0.006441
2025-04-04,0.011163421416801933,0.001094,0.006094
2025-04-05,0.011163421416801933,0.000744,0.005744
2025-04-06,0.011163421416801933,0.001079,0.006079
2025-04-07,0.011163421416801933,0.001416,0.006416
2025-04-08,0.011163421416801933,0.001405,0.006405
2025-04-09,0.011163421416801933,0.001435,0.006435
2025-04-10,0.011163421416801933,0.001442,0.006442
2025-04-11,0.011163421416801933,0.001089,0.006089
2025-04-12,0.011163421416801933,0.000754,0.005754
2025-04-13,0.011163421416801933,0.001093,0.006093
2025-04-14,0.011163421416801933,0.001431,0.006431
2025-04-15,0.011163421416801933,0.001434,0.006434
2025-04-16,0.011163421416801933,0.001444,0.006444
2025-04-17,0.011163421416801933,0.001448,0.006448
2025-04-18,0.011163421416801933,0.001115,0.006115
2025-04-19,0.011163421416801933,0.001115,0.006115
2025-04-20,0.011163421416801933,0.001455,0.006455
2025-04-21,0.011163421416801933,0.001692,0.006692
2025-04-22,0.011163421416801933,0.001711,0.006711
2025-04-23,0.011163421416801933,0.001711,0.006711
2025-04-24,0.011163421416801933,0.001711,0.006711
2025-04-25,0.011163421416801933,0.001692,0.006692
2025-04-26,0.011163421416801933,0.001469,0.006469
2025-04-27,0.011163421416801933,0.001693,0.006693
2025-04-28,0.011163421416801933,0.001712,0.006712
2025-04-29,0.011163421416801933,0.001712,0.006712
2025-04-30,0.011163421416801933,0.001711,0.006711
2025-05-01,0.011163421416801933,0.001712,0.006712
2025-05-02,0.011163421416801933,0.001712,0.006712
2025-05-03,0.011163421416801933,0.001713,0.006713
2025-05-04,0.011163421416801933,0.001732,0.006732
2025-05-05,0.011163421416801933,0.001751,0.006751
2025-05-06,0.011163421416801933,0.001752,0.006752
2025-05-07,0.011163421416801933,0.001752,0.006752
2025-05-08,0.011531452360343364,0.001735,0.006735
2025-05-09,0.011531452360343364,0.001715,0.006715
2025-05-10,0.011531452360343364,0.001716,0.006716
2025-05-11,0.011531452360343364,0.001735,0.006735
2025-05-12,0.011531452360343364,0.001754,0.006754
2025-05-13,0.011531452360343364,0.001754,0.006754
2025-05-14,0.011531452360343364,0.001755,0.006755
2025-05-15,0.011531452360343364,0.001735,0.006735
2025-05-16,0.011531452360343364,0.001716,0.006716
2025-05-17,0.011531452360343364,0.001717,0.006717
2025-05-18,0.011531452360343364,0.001736,0.006736
2025-05-19,0.011531452360343364,0.001755,0.006755
2025-05-20,0.011531452360343364,0.001736,0.006736
2025-05-21,0.011531452360343364,0.001736,0.006736
2025-05-22,0.011531452360343364,0.001717,0.006717
2025-05-23,0.011531452360343364,0.001698,0.006698
2025-05-24,0.011531452360343364,0.001698,0.006698
2025-05-25,0.011531452360343364,0.001717,0.006717
2025-05-26,0.011531452360343364,0.001736,0.006736
2025-05-27,0.011531452360343364,0.001736,0.006736
2025-05-28,0.011531452360343364,0.001736,0.006736
2025-05-29,0.011531452360343364,0.001718,0.006718
2025-05-30,0.011531452360343364,0.001698,0.006698
2025-05-31,0.011531452360343364,0.001699,0.006699
2025-06-01,0.011531452360343364,0.001699,0.006699
2025-06-02,0.011531452360343364,0.001718,0.006718
2025-06-03,0.011531452360343364,0.001718,0.006718
2025-06-04,0.011531452360343364,0.001718,0.006718
2025-06-05,0.011531452360343364,0.001718,0.006718
2025-06-06,0.011531452360343364,0.0017,0.0067
2025-06-07,0.011531452360343364,0.001597,0.006597
2025-06-08,0.011531452360343364,0.0017,0.0067
2025-06-09,0.011531452360343364,0.001719,0.006719
2025-06-10,0.011531452360343364,0.001719,0.006719
2025-06-11,0.011531452360343364,0.001719,0.006719
2025-06-12,0.011531452360343364,0.001719,0.006719
2025-06-13,0.011531452360343364,0.0017,0.0067
2025-06-14,0.011531452360343364,0.001591,0.006591
2025-06-15,0.011531452360343364,0.0017,0.0067
2025-06-16,0.011531452360343364,0.001719,0.006719
2025-06-17,0.011531452360343364,0.001719,0.006719
2025-06-18,0.011531452360343364,0.001719,0.006719
2025-06-19,0.01171491691985338,0.001721,0.006721
2025-06-20,0.01171491691985338,0.001721,0.006721
2025-06-21,0.01171491691985338,0.001701,0.006701
2025-06-22,0.01171491691985338,0.001721,0.006721
2025-06-23,0.01171491691985338,0.00174,0.00674
2025-06-24,0.01171491691985338,0.00174,0.00674
2025-06-25,0.01171491691985338,0.00174,0.00674
2025-06-26,0.01171491691985338,0.001739,0.006739
2025-06-27,0.01171491691985338,0.00172,0.00672
2025-06-28,0.01171491691985338,0.0017,0.0067
2025-06-29,0.01171491691985338,0.00172,0.00672
2025-06-30,0.01171491691985338,0.001739,0.006739
2025-07-01,0.01171491691985338,0.001758,0.006758
2025-07-02,0.01171491691985338,0.001758,0.006758
2025-07-03,0.01171491691985338,0.001742,0.006742
2025-07-04,0.01171491691985338,0.001723,0.006723
2025-07-05,0.01171491691985338,0.001722,0.006722
2025-07-06,0.01171491691985338,0.001742,0.006742
2025-07-07,0.01171491691985338,0.001761,0.006761
2025-07-08,0.01171491691985338,0.001761,0.006761
2025-07-09,0.01171491691985338,0.001761,0.006761
2025-07-10,0.01171491691985338,0.001742,0.006742
2025-07-11,0.01171491691985338,0.001722,0.006722
2025-07-12,0.01171491691985338,0.001722,0.006722
2025-07-13,0.01171491691985338,0.001742,0.006742
2025-07-14,0.01171491691985338,0.001762,0.006762
2025-07-15,0.01171491691985338,0.001761,0.006761
2025-07-16,0.01171491691985338,0.001761,0.006761
2025-07-17,0.01171491691985338,0.001742,0.006742
2025-07-18,0.01171491691985338,0.001722,0.006722
2025-07-19,0.01171491691985338,0.001722,0.006722
2025-07-20,0.01171491691985338,0.001742,0.006742
2025-07-21,0.01171491691985338,0.001761,0.006761
2025-07-22,0.01171491691985338,0.001761,0.006761
2025-07-23,0.01171491691985338,0.001762,0.006762
2025-07-24,0.01171491691985338,0.001742,0.006742
2025-07-25,0.01171491691985338,0.001723,0.006723
2025-07-26,0.01171491691985338,0.001722,0.006722
2025-07-27,0.01171491691985338,0.001741,0.006741
2025-07-28,0.01171491691985338,0.00176,0.00676
2025-07-29,0.01171491691985338,0.001762,0.006762
2025-07-30,0.01171491691985338,0.001761,0.006761
2025-07-31,0.01171491691985338,0.001742,0.006742
2025-08-01,0.01171491691985338,0.001722,0.006722
2025-08-02,0.01171491691985338,0.001722,0.006722
2025-08-03,0.01171491691985338,0.001742,0.006742
2025-08-04,0.01171491691985338,0.001761,0.006761
2025-08-05,0.01171491691985338,0.00176,0.00676
2025-08-06,0.01171491691985338,0.001761,0.006761
2025-08-07,0.01171491691985338,0.001741,0.006741
2025-08-08,0.01171491691985338,0.001722,0.006722
2025-08-09,0.01171491691985338,0.001722,0.006722
2025-08-10,0.01171491691985338,0.001742,0.006742
2025-08-11,0.01171491691985338,0.001761,0.006761
2025-08-12,0.01171491691985338,0.001761,0.006761
2025-08-13,0.01171491691985338,0.001762,0.006762
2025-08-14,0.01171491691985338,0.001742,0.006742
2025-08-15,0.01171491691985338,0.001708,0.006708
2025-08-16,0.01171491691985338,0.001723,0.006723
2025-08-17,0.01171491691985338,0.001742,0.006742
2025-08-18,0.01171491691985338,0.001762,0.006762
2025-08-19,0.01171491691985338,0.001762,0.006762
2025-08-20,0.01171491691985338,0.001762,0.006762
2025-08-21,0.01171491691985338,0.001742,0.006742
2025-08-22,0.01171491691985338,0.001723,0.006723
2025-08-23,0.01171491691985338,0.001723,0.006723
2025-08-24,0.01171491691985338,0.001743,0.006743
2025-08-25,0.01171491691985338,0.001762,0.006762
2025-08-26,0.01171491691985338,0.00176,0.00676
2025-08-27,0.01171491691985338,0.001761,0.006761
2025-08-28,0.01171491691985338,0.001743,0.006743
2025-08-29,0.01171491691985338,0.001723,0.006723
2025-08-30,0.01171491691985338,0.001723,0.006723
2025-08-31,0.01171491691985338,0.001742,0.006742
2025-09-01,0.01171491691985338,0.001742,0.006742
2025-09-02,0.01171491691985338,0.001742,0.006742
2025-09-03,0.01171491691985338,0.001742,0.006742
2025-09-04,0.01171491691985338,0.001742,0.006742
2025-09-05,0.01171491691985338,0.001722,0.006722
2025-09-06,0.01171491691985338,0.001703,0.006703
2025-09-07,0.01171491691985338,0.001722,0.006722
2025-09-08,0.01171491691985338,0.001741,0.006741
2025-09-09,0.01171491691985338,0.001742,0.006742
2025-09-10,0.01171491691985338,0.001741,0.006741
2025-09-11,0.01171491691985338,0.001741,0.006741
2025-09-12,0.01171491691985338,0.001721,0.006721
2025-09-13,0.01171491691985338,0.001702,0.006702
2025-09-14,0.01171491691985338,0.001721,0.006721
2025-09-15,0.01171491691985338,0.00174,0.00674
2025-09-16,0.01171491691985338,0.00174,0.00674
2025-09-17,0.01171491691985338,0.00174,0.00674
2025-09-18,0.01171491691985338,0.00174,0.00674
2025-09-19,0.01171491691985338,0.00172,0.00672
2025-09-20,0.01171491691985338,0.001701,0.006701
2025-09-21,0.01171491691985338,0.00172,0.00672
2025-09-22,0.01171491691985338,0.001739,0.006739
2025-09-23,0.01171491691985338,0.001739,0.006739
2025-09-24,0.01171491691985338,0.001739,0.006739
2025-09-25,0.01171491691985338,0.001739,0.006739
2025-09-26,0.01171491691985338,0.001719,0.006719
2025-09-27,0.01171491691985338,0.0017,0.0067
2025-09-28,0.01171491691985338,0.001719,0.006719
2025-09-29,0.01171491691985338,0.001738,0.006738
2025-09-30,0.01171491691985338,0.001739,0.006739
2025-10-01,0.01171491691985338,0.001758,0.006758
2025-10-02,0.01171491691985338,0.001739,0.006739
2025-10-03,0.01171491691985338,0.00172,0.00672
2025-10-04,0.01171491691985338,0.00172,0.00672
2025-10-05,0.01171491691985338,0.00174,0.00674
2025-10-06,0.01171491691985338,0.001759,0.006759
2025-10-07,0.01171491691985338,0.00176,0.00676
2025-10-08,0.01171491691985338,0.00176,0.00676
2025-10-09,0.01171491691985338,0.001741,0.006741
2025-10-10,0.01171491691985338,0.001721,0.006721
2025-10-11,0.01171491691985338,0.00172,0.00672
2025-10-12,0.01171491691985338,0.00174,0.00674
2025-10-13,0.01171491691985338,0.001759,0.006759
2025-10-14,0.01171491691985338,0.00176,0.00676
2025-10-15,0.01171491691985338,0.001759,0.006759
2025-10-16,0.01171491691985338,0.00174,0.00674
2025-10-17,0.01171491691985338,0.00172,0.00672
2025-10-18,0.01171491691985338,0.001721,0.006721
2025-10-19,0.01171491691985338,0.00174,0.00674
2025-10-20,0.01171491691985338,0.00176,0.00676
2025-10-21,0.01171491691985338,0.001741,0.006741
2025-10-22,0.01171491691985338,0.001741,0.006741
2025-10-23,0.01171491691985338,0.001721,0.006721
